file_name,speaker_id,keyword,prediction,num_frames,delay_ms,distance
179a61b7_nohash_1.wav,179a61b7,down,no,41,179.5194149,8.091516495
179a61b7_nohash_2.wav,179a61b7,down,down,21,143.0675983,7.480332851
179a61b7_nohash_3.wav,179a61b7,down,down,24,148.5264301,7.372569561
179a61b7_nohash_4.wav,179a61b7,down,down,30,159.3933105,7.084791183
179a61b7_nohash_1.wav,179a61b7,go,no,19,139.8527622,8.038189888
179a61b7_nohash_2.wav,179a61b7,go,no,17,135.5526447,8.004655838
179a61b7_nohash_3.wav,179a61b7,go,no,16,134.0329647,9.172282219
179a61b7_nohash_4.wav,179a61b7,go,no,23,146.6386318,6.457958698
179a61b7_nohash_1.wav,179a61b7,left,left,25,150.3095627,6.955325127
179a61b7_nohash_2.wav,179a61b7,left,no,12,126.6114712,8.011948586
179a61b7_nohash_3.wav,179a61b7,left,left,29,157.4270725,5.857682228
179a61b7_nohash_4.wav,179a61b7,left,left,23,147.0654011,6.678987026
179a61b7_nohash_1.wav,179a61b7,no,no,19,139.4383907,4.561315536
179a61b7_nohash_2.wav,179a61b7,no,no,21,142.7431107,6.386368752
179a61b7_nohash_3.wav,179a61b7,no,no,22,144.7739601,6.782059669
179a61b7_nohash_4.wav,179a61b7,no,no,28,155.3869247,6.039549351
179a61b7_nohash_1.wav,179a61b7,right,right,14,130.5730343,8.342484474
179a61b7_nohash_2.wav,179a61b7,right,go,47,189.9650097,10.04004383
179a61b7_nohash_3.wav,179a61b7,right,left,24,148.0798721,7.068497181
179a61b7_nohash_4.wav,179a61b7,right,right,17,136.1627579,7.635085106
179a61b7_nohash_1.wav,179a61b7,stop,go,16,134.254694,8.880520821
179a61b7_nohash_2.wav,179a61b7,stop,stop,60,213.9875889,8.402146339
179a61b7_nohash_3.wav,179a61b7,stop,go,17,135.9062195,8.431625366
179a61b7_nohash_4.wav,179a61b7,stop,down,12,126.8162727,9.303359985
179a61b7_nohash_1.wav,179a61b7,up,up,12,126.398325,9.593417168
179a61b7_nohash_2.wav,179a61b7,up,down,12,126.7163754,8.798352242
179a61b7_nohash_3.wav,179a61b7,up,up,27,153.3386707,9.933645248
179a61b7_nohash_4.wav,179a61b7,up,down,40,177.5925159,10.19404888
179a61b7_nohash_1.wav,179a61b7,yes,yes,13,128.0343533,8.076065063
179a61b7_nohash_2.wav,179a61b7,yes,yes,19,139.475584,8.521579742
179a61b7_nohash_3.wav,179a61b7,yes,yes,12,126.6803741,8.473641396
179a61b7_nohash_4.wav,179a61b7,yes,yes,19,139.6760941,8.776838303
1b4c9b89_nohash_1.wav,1b4c9b89,down,down,19,132.2517395,3.333783865
1b4c9b89_nohash_2.wav,1b4c9b89,down,down,17,129.4677258,3.34667325
1b4c9b89_nohash_3.wav,1b4c9b89,down,down,15,126.3716221,4.19746685
1b4c9b89_nohash_4.wav,1b4c9b89,down,down,16,128.0002594,3.305278063
1b4c9b89_nohash_1.wav,1b4c9b89,go,go,19,132.6942444,4.189464569
1b4c9b89_nohash_2.wav,1b4c9b89,go,go,19,132.0109367,6.117603779
1b4c9b89_nohash_3.wav,1b4c9b89,go,go,20,133.5792542,5.342680931
1b4c9b89_nohash_4.wav,1b4c9b89,go,no,30,147.8302479,5.751784325
1b4c9b89_nohash_1.wav,1b4c9b89,left,left,17,129.0624142,3.815740108
1b4c9b89_nohash_2.wav,1b4c9b89,left,left,19,132.298708,4.105770588
1b4c9b89_nohash_3.wav,1b4c9b89,left,left,18,130.7449341,3.392508984
1b4c9b89_nohash_4.wav,1b4c9b89,left,left,16,128.1642914,3.975893736
1b4c9b89_nohash_1.wav,1b4c9b89,no,no,25,140.4294968,5.203896523
1b4c9b89_nohash_2.wav,1b4c9b89,no,no,22,136.1279488,4.758387089
1b4c9b89_nohash_3.wav,1b4c9b89,no,no,23,137.3107433,5.762673855
1b4c9b89_nohash_4.wav,1b4c9b89,no,no,26,142.2584057,5.899477005
1b4c9b89_nohash_1.wav,1b4c9b89,right,right,25,140.7001019,4.791061878
1b4c9b89_nohash_2.wav,1b4c9b89,right,right,22,136.4984512,5.550442696
1b4c9b89_nohash_3.wav,1b4c9b89,right,right,18,131.2885284,6.424039364
1b4c9b89_nohash_4.wav,1b4c9b89,right,right,19,132.4210167,4.711204529
1b4c9b89_nohash_1.wav,1b4c9b89,stop,stop,26,142.1663761,4.908823013
1b4c9b89_nohash_2.wav,1b4c9b89,stop,stop,26,142.2028542,6.532531261
1b4c9b89_nohash_3.wav,1b4c9b89,stop,stop,27,143.645525,6.181654453
1b4c9b89_nohash_4.wav,1b4c9b89,stop,stop,25,140.6471729,6.014582634
1b4c9b89_nohash_1.wav,1b4c9b89,up,up,13,123.2924461,3.383622408
1b4c9b89_nohash_2.wav,1b4c9b89,up,up,13,123.3003139,3.62551403
1b4c9b89_nohash_3.wav,1b4c9b89,up,up,22,136.4059448,7.157315731
1b4c9b89_nohash_4.wav,1b4c9b89,up,up,12,122.313261,5.2747159
1b4c9b89_nohash_1.wav,1b4c9b89,yes,yes,33,152.0380974,8.6994133
1b4c9b89_nohash_2.wav,1b4c9b89,yes,yes,43,166.7795181,13.41865921
1b4c9b89_nohash_3.wav,1b4c9b89,yes,left,34,153.5665989,7.141492367
1b4c9b89_nohash_4.wav,1b4c9b89,yes,yes,22,136.3332272,5.201962948
21832144_nohash_1.wav,21832144,down,stop,24,141.4535046,7.930534363
21832144_nohash_2.wav,21832144,down,no,37,160.9153748,7.132266521
21832144_nohash_3.wav,21832144,down,down,26,144.2687511,4.298095226
21832144_nohash_4.wav,21832144,down,down,18,132.1027279,4.75481987
21832144_nohash_1.wav,21832144,go,no,27,145.8694935,10.22009182
21832144_nohash_2.wav,21832144,go,go,19,133.6252689,6.029069901
21832144_nohash_3.wav,21832144,go,go,19,133.7707043,4.003635883
21832144_nohash_4.wav,21832144,go,no,41,167.3526764,11.47211075
21832144_nohash_1.wav,21832144,left,left,41,167.5496101,7.65702343
21832144_nohash_2.wav,21832144,left,left,38,162.7147198,7.085014343
21832144_nohash_3.wav,21832144,left,left,36,159.3565941,6.391098499
21832144_nohash_4.wav,21832144,left,yes,16,129.3566227,6.573336601
21832144_nohash_1.wav,21832144,no,no,24,141.3323879,4.884792328
21832144_nohash_2.wav,21832144,no,no,29,148.7262249,6.35230732
21832144_nohash_3.wav,21832144,no,no,25,142.6851749,4.672037125
21832144_nohash_4.wav,21832144,no,no,25,142.9138184,5.355727196
21832144_nohash_1.wav,21832144,right,right,31,152.1875858,6.708060741
21832144_nohash_2.wav,21832144,right,right,29,149.2784023,8.354465485
21832144_nohash_3.wav,21832144,right,right,19,134.039402,9.956868172
21832144_nohash_4.wav,21832144,right,right,19,133.8467598,10.03017807
21832144_nohash_1.wav,21832144,stop,stop,24,142.0764923,5.549782753
21832144_nohash_2.wav,21832144,stop,stop,24,145.7116604,5.098086357
21832144_nohash_3.wav,21832144,stop,down,12,123.4228611,5.860984325
21832144_nohash_4.wav,21832144,stop,down,14,126.9845963,7.078287601
21832144_nohash_1.wav,21832144,up,right,23,139.8060322,9.075157166
21832144_nohash_2.wav,21832144,up,up,22,138.3094788,8.166805267
21832144_nohash_3.wav,21832144,up,up,25,142.7397728,8.749297142
21832144_nohash_4.wav,21832144,up,down,12,123.1918335,8.994958878
21832144_nohash_1.wav,21832144,yes,yes,21,136.5208626,5.032073498
21832144_nohash_2.wav,21832144,yes,yes,19,134.0448856,4.978987694
21832144_nohash_3.wav,21832144,yes,yes,17,130.5623055,4.22915554
21832144_nohash_4.wav,21832144,yes,yes,20,135.0564957,3.184537649
229978fd_nohash_1.wav,229978fd,down,no,28,146.5296745,9.312062263
229978fd_nohash_2.wav,229978fd,down,down,50,178.8277626,9.262411118
229978fd_nohash_3.wav,229978fd,down,down,52,182.0271015,10.80570126
229978fd_nohash_4.wav,229978fd,down,down,20,134.7908974,5.338755608
229978fd_nohash_1.wav,229978fd,go,down,22,137.6225948,8.846405983
229978fd_nohash_2.wav,229978fd,go,no,44,169.9118614,6.256191254
229978fd_nohash_3.wav,229978fd,go,no,60,193.5787201,6.640046597
229978fd_nohash_4.wav,229978fd,go,go,18,131.3853264,5.073025703
229978fd_nohash_1.wav,229978fd,left,no,56,188.0435944,8.417020798
229978fd_nohash_2.wav,229978fd,left,no,55,186.1553192,8.716583252
229978fd_nohash_3.wav,229978fd,left,no,56,187.7160072,10.06389523
229978fd_nohash_4.wav,229978fd,left,left,30,158.4529877,7.58187151
229978fd_nohash_1.wav,229978fd,no,no,47,174.6551991,7.529664516
229978fd_nohash_2.wav,229978fd,no,go,30,149.0764618,7.564788818
229978fd_nohash_3.wav,229978fd,no,go,41,165.3532982,9.708925247
229978fd_nohash_4.wav,229978fd,no,go,22,137.2177601,8.607543945
229978fd_nohash_1.wav,229978fd,right,left,31,150.8860588,9.170877457
229978fd_nohash_2.wav,229978fd,right,no,40,164.0658379,9.971853256
229978fd_nohash_3.wav,229978fd,right,right,45,171.792984,9.588508606
229978fd_nohash_4.wav,229978fd,right,right,17,130.2742958,4.949830532
229978fd_nohash_1.wav,229978fd,stop,stop,24,142.7371502,5.807206631
229978fd_nohash_2.wav,229978fd,stop,stop,24,140.4340267,7.419341564
229978fd_nohash_3.wav,229978fd,stop,stop,49,177.615881,9.520885468
229978fd_nohash_4.wav,229978fd,stop,stop,24,140.4116154,6.380660057
229978fd_nohash_1.wav,229978fd,up,stop,27,147.1149921,13.22403336
229978fd_nohash_2.wav,229978fd,up,left,31,151.0078907,8.922272682
229978fd_nohash_3.wav,229978fd,up,up,12,123.2295036,4.839442253
229978fd_nohash_4.wav,229978fd,up,up,12,122.5874424,5.269706249
229978fd_nohash_1.wav,229978fd,yes,yes,39,162.5983715,8.279658318
229978fd_nohash_2.wav,229978fd,yes,yes,48,175.6784916,8.242736816
229978fd_nohash_3.wav,229978fd,yes,yes,52,181.9484234,7.643320084
229978fd_nohash_4.wav,229978fd,yes,yes,40,164.1924381,7.870344639
24befdb3_nohash_1.wav,24befdb3,down,down,25,137.8333569,7.759953022
24befdb3_nohash_2.wav,24befdb3,down,no,42,159.5258713,8.74236393
24befdb3_nohash_3.wav,24befdb3,down,down,30,144.5660591,7.388057709
24befdb3_nohash_4.wav,24befdb3,down,down,23,136.603117,6.894108772
24befdb3_nohash_1.wav,24befdb3,go,no,24,135.8847618,8.485996246
24befdb3_nohash_2.wav,24befdb3,go,no,24,136.2957954,8.688239098
24befdb3_nohash_3.wav,24befdb3,go,go,20,138.8370991,7.120461464
24befdb3_nohash_4.wav,24befdb3,go,no,21,132.0590973,8.573223114
24befdb3_nohash_1.wav,24befdb3,left,left,14,123.3613491,5.689851761
24befdb3_nohash_2.wav,24befdb3,left,left,13,121.8090057,6.185320377
24befdb3_nohash_3.wav,24befdb3,left,left,14,123.4967709,4.790811539
24befdb3_nohash_4.wav,24befdb3,left,left,14,123.272419,4.729519844
24befdb3_nohash_1.wav,24befdb3,no,no,21,132.3468685,4.577756882
24befdb3_nohash_2.wav,24befdb3,no,no,18,128.6439896,4.845112801
24befdb3_nohash_3.wav,24befdb3,no,no,22,133.6197853,5.052195072
24befdb3_nohash_4.wav,24befdb3,no,go,35,150.8891582,7.095611095
24befdb3_nohash_1.wav,24befdb3,right,right,35,151.7529488,7.987485886
24befdb3_nohash_2.wav,24befdb3,right,right,18,128.5071373,5.727431774
24befdb3_nohash_3.wav,24befdb3,right,right,19,129.8828125,3.884943724
24befdb3_nohash_4.wav,24befdb3,right,right,15,125.2806187,5.846025944
24befdb3_nohash_1.wav,24befdb3,stop,stop,12,120.9280491,4.551590443
24befdb3_nohash_2.wav,24befdb3,stop,down,12,121.0083961,4.74678278
24befdb3_nohash_3.wav,24befdb3,stop,stop,12,121.183157,5.587667942
24befdb3_nohash_4.wav,24befdb3,stop,down,13,123.5682964,6.374541283
24befdb3_nohash_1.wav,24befdb3,up,down,12,121.0312843,5.928461552
24befdb3_nohash_2.wav,24befdb3,up,down,35,151.112318,10.95155811
24befdb3_nohash_3.wav,24befdb3,up,down,12,120.6946373,7.490821838
24befdb3_nohash_4.wav,24befdb3,up,up,12,120.5642223,7.073209286
24befdb3_nohash_1.wav,24befdb3,yes,yes,14,123.9671707,4.614331722
24befdb3_nohash_2.wav,24befdb3,yes,left,26,141.8972015,7.179409027
24befdb3_nohash_3.wav,24befdb3,yes,left,22,133.9766979,7.603186131
24befdb3_nohash_4.wav,24befdb3,yes,left,34,149.2760181,7.890535355
25e95412_nohash_1.wav,25e95412,down,down,17,126.8274784,3.246022463
25e95412_nohash_2.wav,25e95412,down,down,18,128.2384396,5.352443695
25e95412_nohash_3.wav,25e95412,down,down,18,127.8855801,5.352443695
25e95412_nohash_4.wav,25e95412,down,down,14,123.0847836,5.379215717
25e95412_nohash_1.wav,25e95412,go,go,13,122.6890087,2.920291901
25e95412_nohash_2.wav,25e95412,go,go,12,120.3966141,3.316176176
25e95412_nohash_3.wav,25e95412,go,go,12,121.295929,3.390775681
25e95412_nohash_4.wav,25e95412,go,go,12,120.4478741,3.725329399
25e95412_nohash_1.wav,25e95412,left,left,12,120.4898357,4.660288811
25e95412_nohash_2.wav,25e95412,left,left,13,122.0016479,6.434804916
25e95412_nohash_3.wav,25e95412,left,left,13,121.7141151,6.434804916
25e95412_nohash_4.wav,25e95412,left,left,21,132.0064068,6.986746788
25e95412_nohash_1.wav,25e95412,no,no,13,121.3154793,3.281013966
25e95412_nohash_2.wav,25e95412,no,no,12,120.0656891,3.190203667
25e95412_nohash_3.wav,25e95412,no,no,13,121.5913296,0
25e95412_nohash_4.wav,25e95412,no,no,14,123.3484745,3.115715265
25e95412_nohash_5.wav,25e95412,no,no,12,119.9314594,3.190203667
25e95412_nohash_6.wav,25e95412,no,no,14,122.5702763,3.115715265
25e95412_nohash_7.wav,25e95412,no,no,12,120.0764179,3.732674599
25e95412_nohash_1.wav,25e95412,right,right,15,124.0935326,5.574400425
25e95412_nohash_2.wav,25e95412,right,right,14,122.7030754,6.966025829
25e95412_nohash_3.wav,25e95412,right,right,14,123.071909,6.966025829
25e95412_nohash_4.wav,25e95412,right,right,16,125.6053448,6.729958057
25e95412_nohash_5.wav,25e95412,right,right,12,120.7509041,4.952655792
25e95412_nohash_1.wav,25e95412,stop,down,12,120.2964783,6.073468208
25e95412_nohash_2.wav,25e95412,stop,stop,15,123.9836216,5.057342052
25e95412_nohash_3.wav,25e95412,stop,stop,13,121.3600636,5.452857971
25e95412_nohash_4.wav,25e95412,stop,down,12,120.4304695,6.073468208
25e95412_nohash_5.wav,25e95412,stop,stop,13,121.2732792,0
25e95412_nohash_6.wav,25e95412,stop,stop,15,123.9404678,5.316421986
25e95412_nohash_1.wav,25e95412,up,up,12,119.8215485,4.328423023
25e95412_nohash_2.wav,25e95412,up,up,12,119.8794842,7.108509541
25e95412_nohash_3.wav,25e95412,up,up,12,120.1143265,0
25e95412_nohash_4.wav,25e95412,up,up,12,120.2516556,4.328423023
25e95412_nohash_5.wav,25e95412,up,up,12,120.3660965,6.566242218
25e95412_nohash_6.wav,25e95412,up,up,12,120.1300621,3.035043478
25e95412_nohash_1.wav,25e95412,yes,yes,20,144.1423893,5.013776302
25e95412_nohash_2.wav,25e95412,yes,yes,17,126.5456676,5.188326359
25e95412_nohash_3.wav,25e95412,yes,yes,15,124.0644455,6.223240376
25e95412_nohash_4.wav,25e95412,yes,yes,17,126.1663437,5.188326359
25e95412_nohash_5.wav,25e95412,yes,yes,20,130.474329,5.362235546
28e47b1a_nohash_1.wav,28e47b1a,down,down,16,127.270937,6.546863079
28e47b1a_nohash_2.wav,28e47b1a,down,down,15,126.0876656,5.861160755
28e47b1a_nohash_3.wav,28e47b1a,down,down,16,128.7872791,4.780301094
28e47b1a_nohash_4.wav,28e47b1a,down,down,15,126.0180473,5.200900555
28e47b1a_nohash_1.wav,28e47b1a,go,no,12,121.4926243,6.073400021
28e47b1a_nohash_2.wav,28e47b1a,go,go,14,124.3183613,5.447565556
28e47b1a_nohash_3.wav,28e47b1a,go,no,22,135.327816,6.49362278
28e47b1a_nohash_4.wav,28e47b1a,go,go,12,121.4399338,6.21387434
28e47b1a_nohash_1.wav,28e47b1a,left,left,32,149.4965553,8.208024025
28e47b1a_nohash_2.wav,28e47b1a,left,yes,25,139.7576332,8.232573509
28e47b1a_nohash_3.wav,28e47b1a,left,right,25,139.7640705,8.682097435
28e47b1a_nohash_4.wav,28e47b1a,left,right,27,142.926693,9.028014183
28e47b1a_nohash_1.wav,28e47b1a,no,no,15,125.7758141,5.430758953
28e47b1a_nohash_2.wav,28e47b1a,no,no,59,186.9387627,9.560853958
28e47b1a_nohash_3.wav,28e47b1a,no,no,47,170.3474522,9.158403397
28e47b1a_nohash_4.wav,28e47b1a,no,no,20,132.6191425,5.202858925
28e47b1a_nohash_1.wav,28e47b1a,right,left,12,122.187376,8.047467232
28e47b1a_nohash_2.wav,28e47b1a,right,right,20,133.1465244,9.22111702
28e47b1a_nohash_3.wav,28e47b1a,right,left,12,121.7827797,7.00469017
28e47b1a_nohash_4.wav,28e47b1a,right,stop,28,144.1590786,12.18412018
28e47b1a_nohash_1.wav,28e47b1a,stop,stop,13,123.0986118,5.879577637
28e47b1a_nohash_2.wav,28e47b1a,stop,stop,16,127.5038719,5.318675518
28e47b1a_nohash_3.wav,28e47b1a,stop,stop,16,126.9083023,5.840935707
28e47b1a_nohash_4.wav,28e47b1a,stop,up,49,172.8248596,12.73297882
28e47b1a_nohash_1.wav,28e47b1a,up,up,12,121.4652061,9.803866386
28e47b1a_nohash_2.wav,28e47b1a,up,down,12,122.0715046,9.055919647
28e47b1a_nohash_3.wav,28e47b1a,up,right,26,141.2739754,11.71727753
28e47b1a_nohash_4.wav,28e47b1a,up,up,12,121.5798855,5.796248913
28e47b1a_nohash_1.wav,28e47b1a,yes,yes,15,125.9918213,5.45058012
28e47b1a_nohash_2.wav,28e47b1a,yes,yes,12,121.5438843,6.403659821
28e47b1a_nohash_3.wav,28e47b1a,yes,yes,33,150.949955,9.570727348
28e47b1a_nohash_4.wav,28e47b1a,yes,yes,32,149.3589878,6.83491087
2aca1e72_nohash_1.wav,2aca1e72,down,down,13,121.2694645,5.442337036
2aca1e72_nohash_2.wav,2aca1e72,down,go,12,120.1002598,5.968473911
2aca1e72_nohash_3.wav,2aca1e72,down,down,12,119.9054718,5.025320053
2aca1e72_nohash_4.wav,2aca1e72,down,down,13,121.3181019,5.442337036
2aca1e72_nohash_5.wav,2aca1e72,down,down,12,120.2914715,5.025320053
2aca1e72_nohash_6.wav,2aca1e72,down,down,12,120.2123165,5.025320053
2aca1e72_nohash_7.wav,2aca1e72,down,down,12,120.433569,5.525754452
2aca1e72_nohash_8.wav,2aca1e72,down,down,12,120.0082302,5.525754452
2aca1e72_nohash_1.wav,2aca1e72,go,go,12,119.9777126,5.999189377
2aca1e72_nohash_2.wav,2aca1e72,go,go,12,120.1429367,5.999189377
2aca1e72_nohash_3.wav,2aca1e72,go,left,12,119.9481487,8.105189323
2aca1e72_nohash_4.wav,2aca1e72,go,go,12,119.8148727,5.999189377
2aca1e72_nohash_5.wav,2aca1e72,go,go,12,119.9331284,4.576012135
2aca1e72_nohash_6.wav,2aca1e72,go,go,12,119.935751,5.687816143
2aca1e72_nohash_7.wav,2aca1e72,go,left,12,120.020628,8.105189323
2aca1e72_nohash_8.wav,2aca1e72,go,go,12,119.8701859,5.687816143
2aca1e72_nohash_9.wav,2aca1e72,go,go,12,119.6248531,5.687816143
2aca1e72_nohash_1.wav,2aca1e72,left,left,12,120.218277,5.692621231
2aca1e72_nohash_2.wav,2aca1e72,left,left,12,119.9533939,0
2aca1e72_nohash_3.wav,2aca1e72,left,left,24,135.0462437,7.386880875
2aca1e72_nohash_4.wav,2aca1e72,left,left,12,120.1927662,5.692621231
2aca1e72_nohash_5.wav,2aca1e72,left,left,12,119.7345257,6.426742554
2aca1e72_nohash_6.wav,2aca1e72,left,left,12,119.8282242,6.22571516
2aca1e72_nohash_7.wav,2aca1e72,left,left,24,135.3025436,7.386880875
2aca1e72_nohash_1.wav,2aca1e72,no,no,12,119.954586,6.905126572
2aca1e72_nohash_10.wav,2aca1e72,no,go,12,120.1848984,7.380022049
2aca1e72_nohash_11.wav,2aca1e72,no,go,12,119.8682785,7.380022049
2aca1e72_nohash_2.wav,2aca1e72,no,no,15,123.4102249,6.604059219
2aca1e72_nohash_3.wav,2aca1e72,no,no,15,123.4171391,6.604059219
2aca1e72_nohash_4.wav,2aca1e72,no,down,12,119.9042797,8.444618225
2aca1e72_nohash_5.wav,2aca1e72,no,no,15,123.4302521,6.604059219
2aca1e72_nohash_6.wav,2aca1e72,no,down,12,120.108366,8.444618225
2aca1e72_nohash_7.wav,2aca1e72,no,down,12,120.1660633,8.444618225
2aca1e72_nohash_8.wav,2aca1e72,no,no,12,119.8310852,0
2aca1e72_nohash_9.wav,2aca1e72,no,no,12,119.6138859,6.905126572
2aca1e72_nohash_1.wav,2aca1e72,right,right,22,132.5147152,0
2aca1e72_nohash_2.wav,2aca1e72,right,down,12,120.3684807,9.06019783
2aca1e72_nohash_3.wav,2aca1e72,right,right,22,133.3661079,0
2aca1e72_nohash_4.wav,2aca1e72,right,down,12,119.9388504,9.06019783
2aca1e72_nohash_1.wav,2aca1e72,stop,stop,12,120.2867031,4.638973236
2aca1e72_nohash_2.wav,2aca1e72,stop,stop,12,119.9014187,4.638973236
2aca1e72_nohash_3.wav,2aca1e72,stop,stop,12,120.1763153,4.483151913
2aca1e72_nohash_4.wav,2aca1e72,stop,stop,12,119.7793484,6.238170147
2aca1e72_nohash_5.wav,2aca1e72,stop,stop,12,119.9431419,0
2aca1e72_nohash_6.wav,2aca1e72,stop,stop,12,120.1205254,0
2aca1e72_nohash_7.wav,2aca1e72,stop,stop,12,119.8925972,6.238170147
2aca1e72_nohash_8.wav,2aca1e72,stop,stop,12,120.0709343,4.638973236
2aca1e72_nohash_9.wav,2aca1e72,stop,no,12,119.9536324,13.2513628
2aca1e72_nohash_1.wav,2aca1e72,up,up,12,120.1872826,4.925242901
2aca1e72_nohash_2.wav,2aca1e72,up,up,12,119.8039055,4.925242901
2aca1e72_nohash_3.wav,2aca1e72,up,up,12,120.2259064,4.889007092
2aca1e72_nohash_4.wav,2aca1e72,up,up,12,119.976759,6.075220108
2aca1e72_nohash_5.wav,2aca1e72,up,up,12,120.0041771,6.075220108
2aca1e72_nohash_6.wav,2aca1e72,up,up,12,119.9924946,4.925242901
2aca1e72_nohash_1.wav,2aca1e72,yes,yes,12,120.0082302,4.110851765
2aca1e72_nohash_2.wav,2aca1e72,yes,yes,12,119.8265553,5.035627365
2aca1e72_nohash_3.wav,2aca1e72,yes,yes,12,119.4911003,4.110851765
2aca1e72_nohash_4.wav,2aca1e72,yes,yes,12,119.9157238,0
2aca1e72_nohash_5.wav,2aca1e72,yes,yes,12,119.8792458,5.879361629
2aca1e72_nohash_6.wav,2aca1e72,yes,yes,12,120.108366,0
2aca1e72_nohash_7.wav,2aca1e72,yes,yes,12,120.0475693,4.110851765
2b5e346d_nohash_1.wav,2b5e346d,down,up,21,140.0785446,6.50020647
2b5e346d_nohash_2.wav,2b5e346d,down,down,33,159.7161293,7.150377274
2b5e346d_nohash_3.wav,2b5e346d,down,up,22,141.6735649,6.424434185
2b5e346d_nohash_4.wav,2b5e346d,down,up,22,141.5507793,5.550812721
2b5e346d_nohash_1.wav,2b5e346d,go,go,18,135.2701187,3.967163086
2b5e346d_nohash_2.wav,2b5e346d,go,go,19,136.0464096,4.244608402
2b5e346d_nohash_3.wav,2b5e346d,go,go,20,138.2946968,4.021644592
2b5e346d_nohash_4.wav,2b5e346d,go,go,18,134.6485615,4.09674263
2b5e346d_nohash_1.wav,2b5e346d,left,right,29,152.9846191,8.747889519
2b5e346d_nohash_2.wav,2b5e346d,left,right,31,157.1266651,8.619647026
2b5e346d_nohash_3.wav,2b5e346d,left,left,44,178.3235073,5.852915764
2b5e346d_nohash_4.wav,2b5e346d,left,left,43,176.5575409,6.635375977
2b5e346d_nohash_1.wav,2b5e346d,no,go,25,146.4779377,5.083539963
2b5e346d_nohash_2.wav,2b5e346d,no,go,22,141.7109966,5.390254021
2b5e346d_nohash_3.wav,2b5e346d,no,go,24,145.1420784,5.085582733
2b5e346d_nohash_4.wav,2b5e346d,no,no,32,158.1795216,5.112749577
2b5e346d_nohash_1.wav,2b5e346d,right,left,37,166.8012142,9.932391167
2b5e346d_nohash_2.wav,2b5e346d,right,left,37,166.7544842,9.932391167
2b5e346d_nohash_3.wav,2b5e346d,right,down,42,175.0812531,9.815001488
2b5e346d_nohash_4.wav,2b5e346d,right,right,28,153.314352,6.568677902
2b5e346d_nohash_5.wav,2b5e346d,right,right,32,158.3383083,5.28550005
2b5e346d_nohash_1.wav,2b5e346d,stop,stop,25,146.7077732,7.365794182
2b5e346d_nohash_2.wav,2b5e346d,stop,stop,23,143.1522369,7.662682533
2b5e346d_nohash_3.wav,2b5e346d,stop,stop,29,153.0075073,8.273124695
2b5e346d_nohash_4.wav,2b5e346d,stop,stop,29,153.4650326,8.436433792
2b5e346d_nohash_1.wav,2b5e346d,up,up,12,124.8764992,6.70027113
2b5e346d_nohash_2.wav,2b5e346d,up,down,28,151.8337727,9.52586937
2b5e346d_nohash_3.wav,2b5e346d,up,up,13,126.4865398,3.132718801
2b5e346d_nohash_4.wav,2b5e346d,up,up,12,125.2090931,5.83082056
2b5e346d_nohash_1.wav,2b5e346d,yes,yes,31,157.2747231,10.20711422
2b5e346d_nohash_2.wav,2b5e346d,yes,right,29,154.1652679,9.673654556
2b5e346d_nohash_3.wav,2b5e346d,yes,yes,29,153.3863544,10.18124008
2b5e346d_nohash_4.wav,2b5e346d,yes,right,29,153.1598568,9.900361061
324210dd_nohash_1.wav,324210dd,down,down,30,159.5158577,7.276324749
324210dd_nohash_2.wav,324210dd,down,down,29,158.1828594,6.150297642
324210dd_nohash_3.wav,324210dd,down,down,31,161.138773,7.250712395
324210dd_nohash_4.wav,324210dd,down,no,31,160.9754562,8.682391167
324210dd_nohash_1.wav,324210dd,go,go,34,166.3558483,7.562632084
324210dd_nohash_2.wav,324210dd,go,go,28,155.7271481,7.472649097
324210dd_nohash_3.wav,324210dd,go,down,28,155.7404995,9.117290497
324210dd_nohash_4.wav,324210dd,go,go,39,176.3086319,9.57434082
324210dd_nohash_1.wav,324210dd,left,left,27,153.9239883,6.807532787
324210dd_nohash_2.wav,324210dd,left,left,31,162.3749733,7.688098907
324210dd_nohash_3.wav,324210dd,left,left,30,159.5752239,7.235412598
324210dd_nohash_4.wav,324210dd,left,left,19,140.319109,8.848599434
324210dd_nohash_1.wav,324210dd,no,no,41,179.1307926,8.457371712
324210dd_nohash_2.wav,324210dd,no,no,22,144.9770927,7.465278149
324210dd_nohash_3.wav,324210dd,no,no,44,184.4887733,6.500369549
324210dd_nohash_4.wav,324210dd,no,no,13,128.4649372,8.055855751
324210dd_nohash_1.wav,324210dd,right,right,26,152.1854401,6.665882587
324210dd_nohash_2.wav,324210dd,right,right,27,154.4556618,6.896386147
324210dd_nohash_3.wav,324210dd,right,right,21,143.2740688,5.825679779
324210dd_nohash_4.wav,324210dd,right,right,31,161.3321304,5.615797997
324210dd_nohash_1.wav,324210dd,stop,stop,32,163.3894444,6.279578209
324210dd_nohash_2.wav,324210dd,stop,stop,32,163.1126404,9.898616791
324210dd_nohash_3.wav,324210dd,stop,stop,34,166.7788029,7.10560894
324210dd_nohash_4.wav,324210dd,stop,go,58,209.9804878,12.27198505
324210dd_nohash_1.wav,324210dd,up,up,34,166.2545204,8.466939926
324210dd_nohash_2.wav,324210dd,up,right,12,126.6014576,9.789827347
324210dd_nohash_3.wav,324210dd,up,up,12,126.888752,8.155619621
324210dd_nohash_4.wav,324210dd,up,up,48,192.1150684,10.64207554
324210dd_nohash_1.wav,324210dd,yes,yes,35,168.3559418,7.634026051
324210dd_nohash_2.wav,324210dd,yes,yes,32,162.8189087,0
324210dd_nohash_3.wav,324210dd,yes,yes,34,166.6719913,7.792868137
324210dd_nohash_4.wav,324210dd,yes,yes,37,171.8950272,5.678276539
324210dd_nohash_5.wav,324210dd,yes,yes,44,184.8752499,9.012526512
333784b7_nohash_1.wav,333784b7,down,down,13,121.5481758,3.333154917
333784b7_nohash_2.wav,333784b7,down,down,15,124.4146824,3.881863356
333784b7_nohash_3.wav,333784b7,down,down,15,124.5296001,3.097221375
333784b7_nohash_4.wav,333784b7,down,down,13,121.847868,3.292108536
333784b7_nohash_1.wav,333784b7,go,go,17,126.5938282,3.587596893
333784b7_nohash_2.wav,333784b7,go,go,16,126.5156269,3.587881804
333784b7_nohash_3.wav,333784b7,go,go,17,127.1312237,3.731774569
333784b7_nohash_4.wav,333784b7,go,go,15,124.3875027,3.247096777
333784b7_nohash_1.wav,333784b7,left,left,12,120.5797195,4.361767292
333784b7_nohash_2.wav,333784b7,left,left,12,120.6078529,6.126569748
333784b7_nohash_3.wav,333784b7,left,left,12,121.4675903,5.075273037
333784b7_nohash_4.wav,333784b7,left,left,12,120.7051277,5.136536121
333784b7_nohash_1.wav,333784b7,no,no,16,125.8411407,4.556889057
333784b7_nohash_2.wav,333784b7,no,no,18,128.1692982,3.911135197
333784b7_nohash_3.wav,333784b7,no,no,20,130.4886341,4.413283348
333784b7_nohash_4.wav,333784b7,no,no,20,130.7060719,4.208369255
333784b7_nohash_1.wav,333784b7,right,right,14,122.9250431,3.653602123
333784b7_nohash_2.wav,333784b7,right,right,15,124.9079704,4.947928905
333784b7_nohash_3.wav,333784b7,right,right,15,124.339819,5.47051239
333784b7_nohash_4.wav,333784b7,right,left,25,137.103796,7.422186852
333784b7_nohash_1.wav,333784b7,stop,stop,12,120.7001209,5.161369324
333784b7_nohash_2.wav,333784b7,stop,stop,12,120.8298206,4.022174358
333784b7_nohash_3.wav,333784b7,stop,stop,12,120.4104424,5.622426987
333784b7_nohash_4.wav,333784b7,stop,stop,12,120.4714775,3.101553202
333784b7_nohash_1.wav,333784b7,up,up,12,120.2070713,6.266297817
333784b7_nohash_2.wav,333784b7,up,up,12,120.8457947,5.327421188
333784b7_nohash_3.wav,333784b7,up,up,12,120.2728748,5.742247105
333784b7_nohash_4.wav,333784b7,up,up,12,120.3227043,3.418865204
333784b7_nohash_1.wav,333784b7,yes,yes,12,120.3157902,4.093067169
333784b7_nohash_2.wav,333784b7,yes,yes,12,123.7044334,2.806434631
333784b7_nohash_3.wav,333784b7,yes,yes,12,120.4209328,4.129864216
333784b7_nohash_4.wav,333784b7,yes,yes,13,121.6621399,3.904821873
42a99aec_nohash_1.wav,42a99aec,down,no,30,153.5701752,5.376278877
42a99aec_nohash_2.wav,42a99aec,down,go,27,148.4324932,6.411496162
42a99aec_nohash_3.wav,42a99aec,down,no,20,141.9014931,8.405880928
42a99aec_nohash_4.wav,42a99aec,down,no,23,142.878294,6.187880039
42a99aec_nohash_1.wav,42a99aec,go,go,21,138.4911537,6.07256794
42a99aec_nohash_2.wav,42a99aec,go,no,17,132.1890354,5.631795406
42a99aec_nohash_3.wav,42a99aec,go,no,17,133.035183,8.276467323
42a99aec_nohash_4.wav,42a99aec,go,no,18,133.8298321,7.194888592
42a99aec_nohash_1.wav,42a99aec,left,left,30,153.3055305,8.424729347
42a99aec_nohash_2.wav,42a99aec,left,down,35,161.5576744,8.068800926
42a99aec_nohash_3.wav,42a99aec,left,left,22,140.5117512,5.455047131
42a99aec_nohash_4.wav,42a99aec,left,left,34,159.9392891,7.274196148
42a99aec_nohash_1.wav,42a99aec,no,no,27,148.0710506,4.977817535
42a99aec_nohash_2.wav,42a99aec,no,no,24,143.5170174,4.986564159
42a99aec_nohash_3.wav,42a99aec,no,no,20,138.740778,4.535820961
42a99aec_nohash_4.wav,42a99aec,no,no,21,138.6692524,4.035010815
42a99aec_nohash_1.wav,42a99aec,right,down,23,143.1827545,10.20097733
42a99aec_nohash_2.wav,42a99aec,right,right,21,138.8778687,5.380463123
42a99aec_nohash_3.wav,42a99aec,right,right,20,137.4812126,5.545833588
42a99aec_nohash_4.wav,42a99aec,right,right,17,132.1306229,5.007380009
42a99aec_nohash_1.wav,42a99aec,stop,stop,50,185.4405403,8.46024704
42a99aec_nohash_2.wav,42a99aec,stop,stop,17,132.5399876,4.900524139
42a99aec_nohash_3.wav,42a99aec,stop,stop,16,130.9754848,4.789422035
42a99aec_nohash_4.wav,42a99aec,stop,no,14,127.2413731,6.145637512
42a99aec_nohash_1.wav,42a99aec,up,up,12,124.3531704,5.445759296
42a99aec_nohash_2.wav,42a99aec,up,up,12,124.5689392,6.528340816
42a99aec_nohash_3.wav,42a99aec,up,no,12,125.6234646,9.346066475
42a99aec_nohash_4.wav,42a99aec,up,up,49,183.7136745,10.56208801
42a99aec_nohash_1.wav,42a99aec,yes,yes,18,134.1557503,4.425649166
42a99aec_nohash_2.wav,42a99aec,yes,down,58,198.2092857,8.894770622
42a99aec_nohash_3.wav,42a99aec,yes,yes,23,142.3399448,5.148381233
42a99aec_nohash_4.wav,42a99aec,yes,yes,21,138.9815807,4.068815231
472b8045_nohash_1.wav,472b8045,down,down,17,127.2623539,6.488770008
472b8045_nohash_2.wav,472b8045,down,stop,17,127.0370483,6.583368301
472b8045_nohash_3.wav,472b8045,down,down,18,128.3657551,4.669010162
472b8045_nohash_4.wav,472b8045,down,down,18,128.5870075,4.965035915
472b8045_nohash_1.wav,472b8045,go,go,17,126.5368462,4.913644314
472b8045_nohash_2.wav,472b8045,go,go,15,124.3979931,4.930324078
472b8045_nohash_3.wav,472b8045,go,go,16,125.4189014,4.561131477
472b8045_nohash_4.wav,472b8045,go,go,15,124.4602203,5.750771523
472b8045_nohash_1.wav,472b8045,left,stop,12,120.3520298,6.630475998
472b8045_nohash_2.wav,472b8045,left,left,12,120.4509735,6.022602081
472b8045_nohash_3.wav,472b8045,left,left,12,120.7089424,5.285880566
472b8045_nohash_4.wav,472b8045,left,left,12,120.6707954,6.681206226
472b8045_nohash_1.wav,472b8045,no,no,17,126.7819405,4.802059174
472b8045_nohash_2.wav,472b8045,no,no,20,130.9742928,6.013510704
472b8045_nohash_3.wav,472b8045,no,no,18,128.5345554,6.297281265
472b8045_nohash_4.wav,472b8045,no,no,18,128.0827522,4.953791142
472b8045_nohash_1.wav,472b8045,right,right,13,122.1237183,5.228940487
472b8045_nohash_2.wav,472b8045,right,right,12,120.6977367,4.560229778
472b8045_nohash_3.wav,472b8045,right,right,17,126.9388199,5.133561134
472b8045_nohash_4.wav,472b8045,right,right,14,123.1689453,5.178902626
472b8045_nohash_1.wav,472b8045,stop,no,17,127.4130344,11.42602062
472b8045_nohash_2.wav,472b8045,stop,no,18,128.4542084,11.20945835
472b8045_nohash_3.wav,472b8045,stop,no,17,127.0008087,10.04846954
472b8045_nohash_4.wav,472b8045,stop,stop,12,120.395422,3.915129423
472b8045_nohash_1.wav,472b8045,up,up,12,120.187521,4.618438244
472b8045_nohash_2.wav,472b8045,up,up,12,120.1946735,4.701591492
472b8045_nohash_3.wav,472b8045,up,up,12,120.5945015,4.44843626
472b8045_nohash_4.wav,472b8045,up,up,12,120.1431751,4.276012421
472b8045_nohash_1.wav,472b8045,yes,yes,18,128.3187866,8.00729847
472b8045_nohash_2.wav,472b8045,yes,yes,12,120.5644608,5.865701675
472b8045_nohash_3.wav,472b8045,yes,yes,18,128.3171177,8.471253395
472b8045_nohash_4.wav,472b8045,yes,yes,20,130.9456825,7.71225071
56eb74ae_nohash_1.wav,56eb74ae,down,no,29,151.0648727,8.530695915
56eb74ae_nohash_2.wav,56eb74ae,down,no,25,144.3853378,9.227453232
56eb74ae_nohash_3.wav,56eb74ae,down,down,19,135.2539063,6.49488163
56eb74ae_nohash_4.wav,56eb74ae,down,down,17,131.6888332,5.01862812
56eb74ae_nohash_1.wav,56eb74ae,go,go,12,123.8117218,9.663659096
56eb74ae_nohash_2.wav,56eb74ae,go,up,50,183.0141544,10.71854782
56eb74ae_nohash_3.wav,56eb74ae,go,go,22,139.4729614,7.009253502
56eb74ae_nohash_4.wav,56eb74ae,go,go,19,135.2317333,6.501098156
56eb74ae_nohash_1.wav,56eb74ae,left,right,32,155.1926136,8.852334023
56eb74ae_nohash_2.wav,56eb74ae,left,right,35,160.2864265,10.01204681
56eb74ae_nohash_3.wav,56eb74ae,left,right,26,146.0866928,8.027892113
56eb74ae_nohash_4.wav,56eb74ae,left,right,31,153.8431644,9.338417053
56eb74ae_nohash_1.wav,56eb74ae,no,no,50,183.1598282,11.88188744
56eb74ae_nohash_2.wav,56eb74ae,no,no,18,133.330822,6.331080914
56eb74ae_nohash_3.wav,56eb74ae,no,no,23,140.9499645,4.841813087
56eb74ae_nohash_4.wav,56eb74ae,no,no,16,130.1600933,7.672310829
56eb74ae_nohash_1.wav,56eb74ae,right,right,28,149.3244171,8.26258564
56eb74ae_nohash_2.wav,56eb74ae,right,right,23,141.5820122,6.559200287
56eb74ae_nohash_3.wav,56eb74ae,right,right,29,150.8917809,8.966268539
56eb74ae_nohash_4.wav,56eb74ae,right,right,20,136.3918781,7.692759514
56eb74ae_nohash_1.wav,56eb74ae,stop,stop,33,156.8579674,8.5927248
56eb74ae_nohash_2.wav,56eb74ae,stop,stop,33,156.9120884,10.12969017
56eb74ae_nohash_3.wav,56eb74ae,stop,down,25,144.3719864,12.24673176
56eb74ae_nohash_4.wav,56eb74ae,stop,stop,32,155.2457809,7.465950966
56eb74ae_nohash_1.wav,56eb74ae,up,right,31,153.5973549,11.63576126
56eb74ae_nohash_2.wav,56eb74ae,up,up,28,149.0039825,11.27849483
56eb74ae_nohash_3.wav,56eb74ae,up,up,12,123.7585545,7.41291666
56eb74ae_nohash_4.wav,56eb74ae,up,up,27,147.2625732,9.07721138
56eb74ae_nohash_1.wav,56eb74ae,yes,yes,26,145.550251,6.207138538
56eb74ae_nohash_2.wav,56eb74ae,yes,yes,38,164.3772125,8.876408577
56eb74ae_nohash_3.wav,56eb74ae,yes,yes,19,135.1323128,7.375653267
56eb74ae_nohash_4.wav,56eb74ae,yes,yes,42,171.1041927,8.569694519
5ebc1cda_nohash_1.wav,5ebc1cda,down,down,14,124.4649887,4.020318031
5ebc1cda_nohash_2.wav,5ebc1cda,down,down,15,125.6380081,4.225772381
5ebc1cda_nohash_3.wav,5ebc1cda,down,down,14,124.2482662,4.020318031
5ebc1cda_nohash_4.wav,5ebc1cda,down,down,14,124.3591309,4.020318031
5ebc1cda_nohash_5.wav,5ebc1cda,down,down,16,127.3610592,3.962250948
5ebc1cda_nohash_6.wav,5ebc1cda,down,down,17,128.5214424,4.500744343
5ebc1cda_nohash_1.wav,5ebc1cda,go,go,14,124.0153313,6.770793915
5ebc1cda_nohash_2.wav,5ebc1cda,go,go,14,123.9976883,6.770793915
5ebc1cda_nohash_3.wav,5ebc1cda,go,go,12,121.7055321,5.711206913
5ebc1cda_nohash_4.wav,5ebc1cda,go,go,15,125.4496574,0
5ebc1cda_nohash_5.wav,5ebc1cda,go,no,14,124.281168,6.885018826
5ebc1cda_nohash_6.wav,5ebc1cda,go,go,16,126.7454624,5.048740864
5ebc1cda_nohash_1.wav,5ebc1cda,left,yes,12,121.4537621,7.064474583
5ebc1cda_nohash_2.wav,5ebc1cda,left,left,29,144.8705196,0
5ebc1cda_nohash_3.wav,5ebc1cda,left,yes,15,125.638485,7.824243546
5ebc1cda_nohash_4.wav,5ebc1cda,left,yes,12,121.2704182,7.064474583
5ebc1cda_nohash_5.wav,5ebc1cda,left,left,27,143.5775757,6.45672226
5ebc1cda_nohash_6.wav,5ebc1cda,left,yes,12,121.5889454,7.900586128
5ebc1cda_nohash_1.wav,5ebc1cda,no,no,15,125.4918575,4.281702042
5ebc1cda_nohash_2.wav,5ebc1cda,no,no,13,122.9274273,4.795997143
5ebc1cda_nohash_3.wav,5ebc1cda,no,no,14,124.3374348,4.648116589
5ebc1cda_nohash_4.wav,5ebc1cda,no,no,15,125.477314,4.281702042
5ebc1cda_nohash_5.wav,5ebc1cda,no,no,17,127.976656,0
5ebc1cda_nohash_1.wav,5ebc1cda,right,right,17,128.2486916,4.586894035
5ebc1cda_nohash_2.wav,5ebc1cda,right,right,17,128.5412312,4.586894035
5ebc1cda_nohash_3.wav,5ebc1cda,right,right,14,124.5582104,3.774129629
5ebc1cda_nohash_4.wav,5ebc1cda,right,left,31,147.8390694,10.42329407
5ebc1cda_nohash_5.wav,5ebc1cda,right,right,14,124.4704723,3.774129629
5ebc1cda_nohash_6.wav,5ebc1cda,right,right,19,130.7880878,4.918584824
5ebc1cda_nohash_1.wav,5ebc1cda,stop,stop,23,136.4939213,7.447189808
5ebc1cda_nohash_2.wav,5ebc1cda,stop,stop,23,136.4557743,0
5ebc1cda_nohash_3.wav,5ebc1cda,stop,stop,23,136.852026,8.966153145
5ebc1cda_nohash_4.wav,5ebc1cda,stop,no,16,126.8832684,8.808773994
5ebc1cda_nohash_5.wav,5ebc1cda,stop,stop,23,136.5690231,7.447189808
5ebc1cda_nohash_6.wav,5ebc1cda,stop,no,13,122.6620674,5.899061203
5ebc1cda_nohash_7.wav,5ebc1cda,stop,stop,23,136.7115974,8.966153145
5ebc1cda_nohash_1.wav,5ebc1cda,up,up,12,121.5262413,6.313401699
5ebc1cda_nohash_2.wav,5ebc1cda,up,up,12,121.4342117,5.528701305
5ebc1cda_nohash_3.wav,5ebc1cda,up,up,12,121.5031147,6.123290539
5ebc1cda_nohash_4.wav,5ebc1cda,up,up,20,132.5552464,13.32155132
5ebc1cda_nohash_5.wav,5ebc1cda,up,up,20,132.2846413,13.32155132
5ebc1cda_nohash_1.wav,5ebc1cda,yes,yes,18,129.6486855,0
5ebc1cda_nohash_2.wav,5ebc1cda,yes,yes,20,132.3990822,4.928217411
5ebc1cda_nohash_3.wav,5ebc1cda,yes,yes,12,121.5083599,6.355180264
5ebc1cda_nohash_4.wav,5ebc1cda,yes,yes,22,135.4093552,6.474293709
5f9cd2eb_nohash_1.wav,5f9cd2eb,down,down,15,124.5260239,4.042007446
5f9cd2eb_nohash_2.wav,5f9cd2eb,down,down,17,127.0794868,4.009066582
5f9cd2eb_nohash_3.wav,5f9cd2eb,down,down,17,127.4120808,4.270157814
5f9cd2eb_nohash_4.wav,5f9cd2eb,down,down,17,127.0823479,4.855964184
5f9cd2eb_nohash_5.wav,5f9cd2eb,down,down,18,128.4446716,0
5f9cd2eb_nohash_6.wav,5f9cd2eb,down,down,17,127.402544,4.009066582
5f9cd2eb_nohash_1.wav,5f9cd2eb,go,go,13,122.423172,6.49297905
5f9cd2eb_nohash_2.wav,5f9cd2eb,go,go,16,125.9009838,3.654907465
5f9cd2eb_nohash_3.wav,5f9cd2eb,go,go,13,122.0090389,6.49297905
5f9cd2eb_nohash_4.wav,5f9cd2eb,go,go,17,127.2542477,4.212257385
5f9cd2eb_nohash_5.wav,5f9cd2eb,go,go,17,127.071619,4.212257385
5f9cd2eb_nohash_6.wav,5f9cd2eb,go,go,17,126.9762516,4.453374863
5f9cd2eb_nohash_1.wav,5f9cd2eb,left,left,12,120.973587,7.63931036
5f9cd2eb_nohash_2.wav,5f9cd2eb,left,left,12,120.7671165,0
5f9cd2eb_nohash_3.wav,5f9cd2eb,left,left,12,121.0153103,4.101440907
5f9cd2eb_nohash_4.wav,5f9cd2eb,left,left,12,120.8717823,4.101440907
5f9cd2eb_nohash_5.wav,5f9cd2eb,left,left,12,121.1290359,4.856418133
5f9cd2eb_nohash_6.wav,5f9cd2eb,left,left,12,121.0186481,4.070053101
5f9cd2eb_nohash_7.wav,5f9cd2eb,left,left,12,120.7587719,7.63931036
5f9cd2eb_nohash_1.wav,5f9cd2eb,no,no,16,125.9391308,5.367588997
5f9cd2eb_nohash_2.wav,5f9cd2eb,no,go,19,130.0356388,4.509410858
5f9cd2eb_nohash_3.wav,5f9cd2eb,no,no,16,125.8125305,5.367588997
5f9cd2eb_nohash_4.wav,5f9cd2eb,no,no,13,122.1094131,0
5f9cd2eb_nohash_5.wav,5f9cd2eb,no,no,19,129.6896935,4.539916039
5f9cd2eb_nohash_6.wav,5f9cd2eb,no,no,14,123.3808994,4.946878433
5f9cd2eb_nohash_7.wav,5f9cd2eb,no,no,14,123.0363846,4.946878433
5f9cd2eb_nohash_1.wav,5f9cd2eb,right,right,12,120.8012104,4.926599503
5f9cd2eb_nohash_2.wav,5f9cd2eb,right,right,12,120.9199429,0
5f9cd2eb_nohash_3.wav,5f9cd2eb,right,right,14,123.363018,3.900858164
5f9cd2eb_nohash_4.wav,5f9cd2eb,right,right,12,120.7220554,3.950303316
5f9cd2eb_nohash_5.wav,5f9cd2eb,right,right,12,121.1340427,3.950303316
5f9cd2eb_nohash_6.wav,5f9cd2eb,right,right,12,120.8648682,4.926599503
5f9cd2eb_nohash_1.wav,5f9cd2eb,stop,up,12,120.5945015,4.588282585
5f9cd2eb_nohash_2.wav,5f9cd2eb,stop,stop,12,121.0174561,3.780438423
5f9cd2eb_nohash_3.wav,5f9cd2eb,stop,stop,12,120.8028793,3.34486866
5f9cd2eb_nohash_4.wav,5f9cd2eb,stop,up,12,121.065855,4.588282585
5f9cd2eb_nohash_5.wav,5f9cd2eb,stop,stop,12,120.7199097,4.031009197
5f9cd2eb_nohash_6.wav,5f9cd2eb,stop,stop,12,120.6548214,4.031009197
5f9cd2eb_nohash_1.wav,5f9cd2eb,up,up,12,120.881319,4.815252304
5f9cd2eb_nohash_2.wav,5f9cd2eb,up,up,12,120.7563877,4.110017776
5f9cd2eb_nohash_3.wav,5f9cd2eb,up,up,12,120.9011078,4.182436466
5f9cd2eb_nohash_4.wav,5f9cd2eb,up,up,12,120.6355095,4.110017776
5f9cd2eb_nohash_5.wav,5f9cd2eb,up,up,12,120.8105087,5.577362061
5f9cd2eb_nohash_6.wav,5f9cd2eb,up,up,12,120.7728386,4.182436466
5f9cd2eb_nohash_7.wav,5f9cd2eb,up,up,12,120.7063198,0
5f9cd2eb_nohash_1.wav,5f9cd2eb,yes,yes,12,120.9692955,3.774187803
5f9cd2eb_nohash_2.wav,5f9cd2eb,yes,left,12,120.9766865,4.396104336
5f9cd2eb_nohash_3.wav,5f9cd2eb,yes,yes,12,121.0114956,3.774187803
5f9cd2eb_nohash_4.wav,5f9cd2eb,yes,yes,12,122.1983433,3.833387136
5f9cd2eb_nohash_5.wav,5f9cd2eb,yes,yes,12,120.6328869,0
617de221_nohash_1.wav,617de221,down,no,62,202.2042274,10.51345444
617de221_nohash_2.wav,617de221,down,down,17,132.3254108,2.92993331
617de221_nohash_3.wav,617de221,down,down,18,134.1302395,2.970534563
617de221_nohash_4.wav,617de221,down,down,15,129.254818,3.424320936
617de221_nohash_1.wav,617de221,go,no,41,170.2291965,9.424487114
617de221_nohash_2.wav,617de221,go,no,14,127.6612282,8.367086411
617de221_nohash_3.wav,617de221,go,down,15,129.1658878,8.316222191
617de221_nohash_4.wav,617de221,go,go,29,150.8743763,8.322602272
617de221_nohash_1.wav,617de221,left,go,16,130.5243969,7.576877594
617de221_nohash_2.wav,617de221,left,go,16,130.8794022,8.108466148
617de221_nohash_3.wav,617de221,left,left,34,158.7152481,6.477684975
617de221_nohash_4.wav,617de221,left,yes,15,129.8098564,9.134677887
617de221_nohash_1.wav,617de221,no,no,21,138.1549835,6.572358131
617de221_nohash_2.wav,617de221,no,no,19,135.4167461,6.059527397
617de221_nohash_3.wav,617de221,no,no,23,141.5481567,8.181534767
617de221_nohash_4.wav,617de221,no,no,19,135.1583004,5.907100677
617de221_nohash_1.wav,617de221,right,right,13,126.424551,5.810311317
617de221_nohash_2.wav,617de221,right,left,34,158.7827206,9.345392227
617de221_nohash_3.wav,617de221,right,left,30,152.4090767,9.392726898
617de221_nohash_4.wav,617de221,right,left,34,159.2452526,10.15310764
617de221_nohash_1.wav,617de221,stop,stop,22,139.7931576,6.234052181
617de221_nohash_2.wav,617de221,stop,left,46,177.5281429,11.122612
617de221_nohash_3.wav,617de221,stop,left,51,185.2269173,11.6230278
617de221_nohash_4.wav,617de221,stop,left,52,187.0970726,12.04245949
617de221_nohash_1.wav,617de221,up,left,27,148.0131149,10.8096571
617de221_nohash_2.wav,617de221,up,down,12,124.5844364,11.82384109
617de221_nohash_3.wav,617de221,up,no,12,124.5954037,11.66507339
617de221_nohash_4.wav,617de221,up,down,12,125.0600815,11.12316704
617de221_nohash_1.wav,617de221,yes,stop,62,202.3532391,12.5837431
617de221_nohash_2.wav,617de221,yes,right,12,124.7754097,8.280326843
617de221_nohash_3.wav,617de221,yes,yes,17,131.9918633,7.110342026
617de221_nohash_4.wav,617de221,yes,yes,41,169.8200703,6.021091938
69a1a79f_nohash_1.wav,69a1a79f,down,down,15,124.3641376,4.586143017
69a1a79f_nohash_2.wav,69a1a79f,down,down,15,124.9496937,4.037463665
69a1a79f_nohash_3.wav,69a1a79f,down,down,13,122.4253178,6.935071945
69a1a79f_nohash_4.wav,69a1a79f,down,down,16,125.5574226,5.191279411
69a1a79f_nohash_1.wav,69a1a79f,go,go,13,122.0457554,3.641863585
69a1a79f_nohash_2.wav,69a1a79f,go,go,14,122.9712963,3.532764912
69a1a79f_nohash_3.wav,69a1a79f,go,go,14,123.0511665,5.23746109
69a1a79f_nohash_4.wav,69a1a79f,go,go,12,120.8231449,4.699142456
69a1a79f_nohash_1.wav,69a1a79f,left,left,12,120.8620071,4.539118767
69a1a79f_nohash_2.wav,69a1a79f,left,left,12,120.7127571,4.331565857
69a1a79f_nohash_3.wav,69a1a79f,left,left,12,121.0269928,6.083246708
69a1a79f_nohash_4.wav,69a1a79f,left,left,13,122.2372055,6.819027901
69a1a79f_nohash_1.wav,69a1a79f,no,no,19,129.3933392,5.076620102
69a1a79f_nohash_2.wav,69a1a79f,no,go,17,127.18153,6.307028294
69a1a79f_nohash_3.wav,69a1a79f,no,no,20,130.8746338,4.026420593
69a1a79f_nohash_4.wav,69a1a79f,no,no,19,129.4848919,5.322176456
69a1a79f_nohash_1.wav,69a1a79f,right,right,12,121.1981773,5.875480175
69a1a79f_nohash_2.wav,69a1a79f,right,right,12,120.8453178,5.390155792
69a1a79f_nohash_3.wav,69a1a79f,right,right,12,120.9466457,5.895507813
69a1a79f_nohash_4.wav,69a1a79f,right,right,12,121.1500168,4.90248394
69a1a79f_nohash_1.wav,69a1a79f,stop,no,17,127.1772385,13.64483261
69a1a79f_nohash_2.wav,69a1a79f,stop,stop,12,120.9199429,5.078313351
69a1a79f_nohash_3.wav,69a1a79f,stop,up,12,120.5704212,4.386175156
69a1a79f_nohash_4.wav,69a1a79f,stop,up,12,120.9104061,4.535479069
69a1a79f_nohash_1.wav,69a1a79f,up,up,12,121.0384369,4.073198318
69a1a79f_nohash_2.wav,69a1a79f,up,up,12,120.6662655,4.185806751
69a1a79f_nohash_3.wav,69a1a79f,up,up,12,120.7239628,4.179986954
69a1a79f_nohash_4.wav,69a1a79f,up,up,12,120.7289696,4.150414944
69a1a79f_nohash_1.wav,69a1a79f,yes,yes,20,130.7578087,5.891697407
69a1a79f_nohash_2.wav,69a1a79f,yes,yes,12,120.6989288,5.629802704
69a1a79f_nohash_3.wav,69a1a79f,yes,yes,15,124.6011257,5.828752518
69a1a79f_nohash_4.wav,69a1a79f,yes,yes,12,120.8512783,5.170826435
8134f43f_nohash_1.wav,8134f43f,down,go,24,144.6859837,8.210634232
8134f43f_nohash_2.wav,8134f43f,down,no,55,195.3012943,8.545423508
8134f43f_nohash_3.wav,8134f43f,down,stop,23,143.4221268,8.128708839
8134f43f_nohash_4.wav,8134f43f,down,down,60,203.5114765,8.211384773
8134f43f_nohash_1.wav,8134f43f,go,no,47,182.2206974,8.953738213
8134f43f_nohash_2.wav,8134f43f,go,no,49,185.4522228,9.060803413
8134f43f_nohash_3.wav,8134f43f,go,go,17,134.1195107,4.434513569
8134f43f_nohash_4.wav,8134f43f,go,no,62,206.618309,8.593034744
8134f43f_nohash_1.wav,8134f43f,left,yes,53,192.4128532,8.549967766
8134f43f_nohash_2.wav,8134f43f,left,right,57,198.8985538,8.093382835
8134f43f_nohash_3.wav,8134f43f,left,left,12,125.3788471,7.007938862
8134f43f_nohash_4.wav,8134f43f,left,yes,13,126.8863678,5.618418694
8134f43f_nohash_1.wav,8134f43f,no,go,17,133.461237,6.924901009
8134f43f_nohash_2.wav,8134f43f,no,left,20,138.4344101,7.007359028
8134f43f_nohash_3.wav,8134f43f,no,no,54,193.6788559,9.045390129
8134f43f_nohash_4.wav,8134f43f,no,no,45,179.0757179,7.596351624
8134f43f_nohash_1.wav,8134f43f,right,right,15,131.3669682,9.814241409
8134f43f_nohash_2.wav,8134f43f,right,right,51,188.9569759,9.248645782
8134f43f_nohash_3.wav,8134f43f,right,up,61,204.9922943,9.475335121
8134f43f_nohash_4.wav,8134f43f,right,yes,14,128.7579536,9.357838631
8134f43f_nohash_1.wav,8134f43f,stop,stop,29,153.0840397,7.950012207
8134f43f_nohash_2.wav,8134f43f,stop,stop,12,125.4310608,6.835262299
8134f43f_nohash_3.wav,8134f43f,stop,down,47,182.7158928,9.061014175
8134f43f_nohash_4.wav,8134f43f,stop,stop,12,125.5590916,8.624546051
8134f43f_nohash_1.wav,8134f43f,up,stop,12,125.480175,8.956727982
8134f43f_nohash_2.wav,8134f43f,up,up,52,190.3610229,8.846880913
8134f43f_nohash_3.wav,8134f43f,up,no,54,193.9992905,8.634884834
8134f43f_nohash_4.wav,8134f43f,up,stop,12,125.5214214,7.309659958
8134f43f_nohash_1.wav,8134f43f,yes,down,39,169.6667671,8.297118187
8134f43f_nohash_2.wav,8134f43f,yes,yes,13,126.7385483,6.103899479
8134f43f_nohash_3.wav,8134f43f,yes,yes,12,126.1947155,6.947660446
8134f43f_nohash_4.wav,8134f43f,yes,no,62,207.618475,9.21432209
893705bb_nohash_1.wav,893705bb,down,down,28,145.9493637,7.158117771
893705bb_nohash_2.wav,893705bb,down,go,22,137.4773979,8.000676155
893705bb_nohash_3.wav,893705bb,down,down,31,150.6803036,0
893705bb_nohash_4.wav,893705bb,down,down,28,146.5713978,7.158117771
893705bb_nohash_5.wav,893705bb,down,go,22,137.4423504,8.000676155
893705bb_nohash_1.wav,893705bb,go,go,34,154.4523239,0
893705bb_nohash_10.wav,893705bb,go,go,20,134.6995831,7.188158512
893705bb_nohash_2.wav,893705bb,go,right,12,123.2190132,11.70291424
893705bb_nohash_3.wav,893705bb,go,go,18,131.6502094,6.263045788
893705bb_nohash_4.wav,893705bb,go,go,23,139.0492916,5.753778458
893705bb_nohash_5.wav,893705bb,go,go,27,145.0161934,5.690887451
893705bb_nohash_6.wav,893705bb,go,no,26,143.1386471,6.253623962
893705bb_nohash_7.wav,893705bb,go,go,27,145.1222897,5.690887451
893705bb_nohash_8.wav,893705bb,go,go,23,139.3268108,5.753778458
893705bb_nohash_9.wav,893705bb,go,go,21,136.0945702,7.126051426
893705bb_nohash_1.wav,893705bb,left,no,13,124.4950294,8.6439991
893705bb_nohash_2.wav,893705bb,left,left,17,130.2742958,7.741120815
893705bb_nohash_3.wav,893705bb,left,no,13,124.59445,8.6439991
893705bb_nohash_4.wav,893705bb,left,up,12,123.3479977,7.877224922
893705bb_nohash_5.wav,893705bb,left,yes,32,151.8816948,8.42463398
893705bb_nohash_6.wav,893705bb,left,up,12,122.8456497,7.877224922
893705bb_nohash_7.wav,893705bb,left,left,14,126.0316372,0
893705bb_nohash_8.wav,893705bb,left,left,17,130.4728985,7.741120815
893705bb_nohash_1.wav,893705bb,no,no,17,130.0418377,0
893705bb_nohash_10.wav,893705bb,no,no,18,131.7415237,5.334730148
893705bb_nohash_11.wav,893705bb,no,up,12,123.2824326,9.033327103
893705bb_nohash_12.wav,893705bb,no,no,21,136.4190578,6.904923916
893705bb_nohash_2.wav,893705bb,no,up,12,123.5399246,9.033327103
893705bb_nohash_3.wav,893705bb,no,no,18,131.7219734,5.334730148
893705bb_nohash_4.wav,893705bb,no,go,36,157.5183868,6.923291683
893705bb_nohash_5.wav,893705bb,no,no,21,135.8058453,6.904923916
893705bb_nohash_6.wav,893705bb,no,no,32,151.6969204,6.529423714
893705bb_nohash_7.wav,893705bb,no,go,36,157.6662064,6.923291683
893705bb_nohash_8.wav,893705bb,no,no,32,152.3942947,6.529423714
893705bb_nohash_9.wav,893705bb,no,no,17,130.8219433,9.42943573
893705bb_nohash_1.wav,893705bb,right,right,15,127.4678707,5.710690022
893705bb_nohash_2.wav,893705bb,right,right,19,133.3045959,7.008439064
893705bb_nohash_3.wav,893705bb,right,right,22,137.7665997,5.487250805
893705bb_nohash_4.wav,893705bb,right,right,28,146.1601257,6.158131599
893705bb_nohash_5.wav,893705bb,right,right,15,127.3026466,5.710690022
893705bb_nohash_6.wav,893705bb,right,right,18,131.911993,7.15145874
893705bb_nohash_7.wav,893705bb,right,right,22,137.5029087,5.487250805
893705bb_nohash_8.wav,893705bb,right,right,22,137.5010014,0
893705bb_nohash_1.wav,893705bb,stop,up,12,123.1694221,9.010401726
893705bb_nohash_10.wav,893705bb,stop,up,12,123.0823994,7.786404133
893705bb_nohash_11.wav,893705bb,stop,up,12,122.6143837,7.220683575
893705bb_nohash_12.wav,893705bb,stop,up,12,122.8830814,7.306542397
893705bb_nohash_13.wav,893705bb,stop,right,12,123.3789921,6.812529564
893705bb_nohash_14.wav,893705bb,stop,stop,24,140.8872604,9.616644859
893705bb_nohash_15.wav,893705bb,stop,up,12,123.1160164,7.341046333
893705bb_nohash_16.wav,893705bb,stop,right,12,123.3925819,7.872729301
893705bb_nohash_17.wav,893705bb,stop,right,12,123.2817173,6.812529564
893705bb_nohash_18.wav,893705bb,stop,stop,22,137.6264095,7.60868454
893705bb_nohash_19.wav,893705bb,stop,right,12,123.1784821,7.872729301
893705bb_nohash_2.wav,893705bb,stop,up,12,122.7288246,7.306542397
893705bb_nohash_20.wav,893705bb,stop,stop,28,146.479845,6.612438679
893705bb_nohash_21.wav,893705bb,stop,stop,24,140.4750347,9.616644859
893705bb_nohash_3.wav,893705bb,stop,stop,22,137.4189854,7.60868454
893705bb_nohash_4.wav,893705bb,stop,stop,23,138.9555931,0
893705bb_nohash_5.wav,893705bb,stop,up,12,122.9867935,7.220683575
893705bb_nohash_6.wav,893705bb,stop,up,12,123.3432293,9.010401726
893705bb_nohash_7.wav,893705bb,stop,stop,28,146.4042664,6.612438679
893705bb_nohash_8.wav,893705bb,stop,up,12,123.0893135,7.341046333
893705bb_nohash_9.wav,893705bb,stop,up,12,123.4161854,7.786404133
893705bb_nohash_1.wav,893705bb,up,up,15,128.002882,6.276832104
893705bb_nohash_10.wav,893705bb,up,up,17,130.4430962,9.473350525
893705bb_nohash_11.wav,893705bb,up,right,28,146.4686394,9.571015358
893705bb_nohash_12.wav,893705bb,up,up,12,122.811079,6.793568611
893705bb_nohash_13.wav,893705bb,up,up,12,123.0745316,6.793568611
893705bb_nohash_14.wav,893705bb,up,up,12,122.8780746,7.133749008
893705bb_nohash_15.wav,893705bb,up,up,12,122.9808331,7.133749008
893705bb_nohash_16.wav,893705bb,up,right,12,123.411417,8.354495049
893705bb_nohash_2.wav,893705bb,up,right,28,146.769762,9.571015358
893705bb_nohash_3.wav,893705bb,up,up,15,127.4924278,8.169452667
893705bb_nohash_4.wav,893705bb,up,up,12,122.6921082,4.964489937
893705bb_nohash_5.wav,893705bb,up,right,12,123.708725,8.354495049
893705bb_nohash_6.wav,893705bb,up,up,12,122.7042675,4.964489937
893705bb_nohash_7.wav,893705bb,up,up,17,130.4059029,9.473350525
893705bb_nohash_8.wav,893705bb,up,up,12,123.2783794,6.150248528
893705bb_nohash_9.wav,893705bb,up,up,14,125.8807182,0
893705bb_nohash_1.wav,893705bb,yes,yes,20,134.5162392,7.673994064
893705bb_nohash_2.wav,893705bb,yes,yes,13,124.3185997,0
893705bb_nohash_3.wav,893705bb,yes,yes,20,134.3238354,7.673994064
893705bb_nohash_4.wav,893705bb,yes,yes,25,141.9742107,6.108587265
893705bb_nohash_5.wav,893705bb,yes,stop,46,172.0547676,11.3383646
893705bb_nohash_6.wav,893705bb,yes,stop,46,172.0187664,11.3383646
893705bb_nohash_7.wav,893705bb,yes,yes,25,141.7424679,6.108587265
8e05039f_nohash_1.wav,8e05039f,down,down,19,133.7883472,6.710978508
8e05039f_nohash_2.wav,8e05039f,down,down,13,124.8152256,5.435510159
8e05039f_nohash_3.wav,8e05039f,down,down,16,129.5096874,5.619648457
8e05039f_nohash_4.wav,8e05039f,down,down,21,136.9605064,7.137419701
8e05039f_nohash_1.wav,8e05039f,go,go,18,132.2894096,5.573584557
8e05039f_nohash_2.wav,8e05039f,go,no,22,137.9454136,8.92913723
8e05039f_nohash_3.wav,8e05039f,go,no,14,126.3287067,6.547451019
8e05039f_nohash_4.wav,8e05039f,go,stop,57,189.6996498,10.4934845
8e05039f_nohash_1.wav,8e05039f,left,left,49,178.9159775,10.58968449
8e05039f_nohash_2.wav,8e05039f,left,left,29,148.8163471,6.7869277
8e05039f_nohash_3.wav,8e05039f,left,left,44,170.9778309,11.57242012
8e05039f_nohash_4.wav,8e05039f,left,left,28,147.0479965,7.638009548
8e05039f_nohash_1.wav,8e05039f,no,no,19,133.7721348,4.829259872
8e05039f_nohash_2.wav,8e05039f,no,no,16,129.5878887,5.536697388
8e05039f_nohash_3.wav,8e05039f,no,no,15,128.0772686,5.657737255
8e05039f_nohash_4.wav,8e05039f,no,no,15,127.6834011,4.410894394
8e05039f_nohash_1.wav,8e05039f,right,right,28,147.6652622,6.61468935
8e05039f_nohash_2.wav,8e05039f,right,right,26,144.1316605,6.20189333
8e05039f_nohash_3.wav,8e05039f,right,right,25,142.790556,6.109675407
8e05039f_nohash_4.wav,8e05039f,right,right,14,126.4779568,8.087867737
8e05039f_nohash_1.wav,8e05039f,stop,go,16,129.5115948,12.27869225
8e05039f_nohash_2.wav,8e05039f,stop,stop,31,151.5684128,8.617086411
8e05039f_nohash_3.wav,8e05039f,stop,stop,29,149.6081352,8.930830002
8e05039f_nohash_4.wav,8e05039f,stop,stop,33,154.9816132,9.511265755
8e05039f_nohash_1.wav,8e05039f,up,up,23,139.7869587,10.16470432
8e05039f_nohash_2.wav,8e05039f,up,up,24,141.3226128,5.252063274
8e05039f_nohash_3.wav,8e05039f,up,up,23,139.8611069,7.483862877
8e05039f_nohash_4.wav,8e05039f,up,stop,31,151.1788368,9.722908974
8e05039f_nohash_1.wav,8e05039f,yes,yes,26,143.8624859,5.465200424
8e05039f_nohash_2.wav,8e05039f,yes,yes,28,147.2358704,4.780944824
8e05039f_nohash_3.wav,8e05039f,yes,yes,29,148.6566067,4.458604813
8e05039f_nohash_4.wav,8e05039f,yes,yes,29,148.9198208,4.870799541
953fe1ad_nohash_1.wav,953fe1ad,down,down,19,132.3494911,6.22819376
953fe1ad_nohash_2.wav,953fe1ad,down,down,19,132.4872971,4.812787533
953fe1ad_nohash_3.wav,953fe1ad,down,down,22,136.7332935,4.987273693
953fe1ad_nohash_4.wav,953fe1ad,down,down,17,129.632473,4.2054739
953fe1ad_nohash_1.wav,953fe1ad,go,go,15,126.6112328,4.011256218
953fe1ad_nohash_2.wav,953fe1ad,go,go,17,129.4498444,4.770232201
953fe1ad_nohash_3.wav,953fe1ad,go,go,21,135.3225708,5.206250191
953fe1ad_nohash_4.wav,953fe1ad,go,go,19,132.4336529,5.04470396
953fe1ad_nohash_1.wav,953fe1ad,left,left,14,125.4053116,4.26474905
953fe1ad_nohash_2.wav,953fe1ad,left,left,13,124.1812706,4.237756252
953fe1ad_nohash_3.wav,953fe1ad,left,left,12,122.7350235,4.556725025
953fe1ad_nohash_4.wav,953fe1ad,left,left,18,131.2980652,4.899637699
953fe1ad_nohash_1.wav,953fe1ad,no,go,13,124.6516705,4.717868805
953fe1ad_nohash_2.wav,953fe1ad,no,go,18,131.0863495,5.167665482
953fe1ad_nohash_3.wav,953fe1ad,no,go,18,130.906105,3.874675751
953fe1ad_nohash_4.wav,953fe1ad,no,no,21,135.3695393,6.141258717
953fe1ad_nohash_1.wav,953fe1ad,right,right,24,139.4922733,9.417825699
953fe1ad_nohash_2.wav,953fe1ad,right,right,13,123.9070892,4.186240673
953fe1ad_nohash_3.wav,953fe1ad,right,right,12,122.8673458,4.022537708
953fe1ad_nohash_4.wav,953fe1ad,right,right,12,122.9789257,4.813440323
953fe1ad_nohash_1.wav,953fe1ad,stop,stop,20,133.8019371,9.433904648
953fe1ad_nohash_2.wav,953fe1ad,stop,stop,23,138.2853985,8.026957512
953fe1ad_nohash_3.wav,953fe1ad,stop,stop,21,135.4956627,8.028849602
953fe1ad_nohash_4.wav,953fe1ad,stop,stop,20,134.0847015,8.073471069
953fe1ad_nohash_1.wav,953fe1ad,up,up,15,126.4824867,5.006289482
953fe1ad_nohash_2.wav,953fe1ad,up,up,13,124.0792274,5.777799129
953fe1ad_nohash_3.wav,953fe1ad,up,up,15,126.585722,4.352732658
953fe1ad_nohash_4.wav,953fe1ad,up,up,15,126.9176006,4.507704735
953fe1ad_nohash_1.wav,953fe1ad,yes,yes,19,132.4532032,4.870676041
953fe1ad_nohash_2.wav,953fe1ad,yes,yes,31,149.7852802,4.707482338
953fe1ad_nohash_3.wav,953fe1ad,yes,yes,30,147.7980614,5.40316534
953fe1ad_nohash_4.wav,953fe1ad,yes,yes,26,142.2002316,4.607741356
9886d8bf_nohash_1.wav,9886d8bf,down,down,20,132.2410107,7.28119278
9886d8bf_nohash_2.wav,9886d8bf,down,down,27,141.9405937,6.423081398
9886d8bf_nohash_3.wav,9886d8bf,down,down,25,138.8821602,6.482594967
9886d8bf_nohash_4.wav,9886d8bf,down,down,21,133.7947845,6.708046436
9886d8bf_nohash_1.wav,9886d8bf,go,go,19,130.7523251,6.415287495
9886d8bf_nohash_2.wav,9886d8bf,go,go,22,134.4964504,6.535301208
9886d8bf_nohash_3.wav,9886d8bf,go,go,19,130.4216385,5.426405907
9886d8bf_nohash_4.wav,9886d8bf,go,go,16,126.6341209,7.501629353
9886d8bf_nohash_1.wav,9886d8bf,left,left,12,121.6514111,3.746477842
9886d8bf_nohash_2.wav,9886d8bf,left,left,13,122.7977276,3.249071121
9886d8bf_nohash_3.wav,9886d8bf,left,left,13,122.8878498,4.151945114
9886d8bf_nohash_4.wav,9886d8bf,left,left,12,121.6740608,3.700725317
9886d8bf_nohash_1.wav,9886d8bf,no,no,19,130.5799484,4.476202488
9886d8bf_nohash_2.wav,9886d8bf,no,no,23,136.193037,4.636737823
9886d8bf_nohash_3.wav,9886d8bf,no,no,12,121.9625473,14.41797447
9886d8bf_nohash_4.wav,9886d8bf,no,no,24,137.1171474,3.96790266
9886d8bf_nohash_1.wav,9886d8bf,right,right,16,127.0759106,4.805194378
9886d8bf_nohash_2.wav,9886d8bf,right,right,16,127.0337105,4.404555321
9886d8bf_nohash_3.wav,9886d8bf,right,right,18,129.724741,4.892269135
9886d8bf_nohash_4.wav,9886d8bf,right,right,20,132.3502064,5.629901409
9886d8bf_nohash_1.wav,9886d8bf,stop,stop,12,121.7708588,3.720452309
9886d8bf_nohash_2.wav,9886d8bf,stop,stop,12,121.7339039,3.795380592
9886d8bf_nohash_3.wav,9886d8bf,stop,go,46,166.5337086,10.42487144
9886d8bf_nohash_4.wav,9886d8bf,stop,stop,12,121.5064526,4.433798313
9886d8bf_nohash_1.wav,9886d8bf,up,up,12,121.3946342,6.678706646
9886d8bf_nohash_2.wav,9886d8bf,up,down,12,122.1034527,12.58848763
9886d8bf_nohash_3.wav,9886d8bf,up,up,12,121.5407848,5.180934429
9886d8bf_nohash_4.wav,9886d8bf,up,up,12,121.4475632,5.871194363
9886d8bf_nohash_1.wav,9886d8bf,yes,yes,13,123.4111786,5.285910606
9886d8bf_nohash_2.wav,9886d8bf,yes,yes,14,123.9936352,3.960229635
9886d8bf_nohash_3.wav,9886d8bf,yes,yes,12,121.8965054,5.26159668
9886d8bf_nohash_4.wav,9886d8bf,yes,yes,12,121.8070984,4.650216579
9aa21fa9_nohash_1.wav,9aa21fa9,down,down,21,138.4282112,3.765676022
9aa21fa9_nohash_2.wav,9aa21fa9,down,down,19,135.3256702,3.735904455
9aa21fa9_nohash_3.wav,9aa21fa9,down,down,12,124.1271496,4.87184
9aa21fa9_nohash_4.wav,9aa21fa9,down,down,23,141.4089203,3.912442923
9aa21fa9_nohash_1.wav,9aa21fa9,go,go,22,140.0725842,5.480078697
9aa21fa9_nohash_2.wav,9aa21fa9,go,go,21,138.3323669,5.354248047
9aa21fa9_nohash_3.wav,9aa21fa9,go,no,19,135.0929737,5.796246529
9aa21fa9_nohash_4.wav,9aa21fa9,go,stop,51,185.1089001,10.05679893
9aa21fa9_nohash_1.wav,9aa21fa9,left,left,44,174.5226383,7.517532825
9aa21fa9_nohash_2.wav,9aa21fa9,left,left,36,162.1382236,8.589738846
9aa21fa9_nohash_3.wav,9aa21fa9,left,left,37,163.4249687,6.445169926
9aa21fa9_nohash_4.wav,9aa21fa9,left,left,35,160.1316929,6.581589699
9aa21fa9_nohash_1.wav,9aa21fa9,no,no,18,133.8427067,7.950867653
9aa21fa9_nohash_2.wav,9aa21fa9,no,no,22,140.2206421,4.920771122
9aa21fa9_nohash_3.wav,9aa21fa9,no,down,24,143.4922218,7.375155926
9aa21fa9_nohash_4.wav,9aa21fa9,no,no,22,139.8494244,4.474720955
9aa21fa9_nohash_1.wav,9aa21fa9,right,right,18,134.1145039,3.56118083
9aa21fa9_nohash_2.wav,9aa21fa9,right,right,21,138.4465694,3.885056973
9aa21fa9_nohash_3.wav,9aa21fa9,right,left,39,166.5225029,7.620809555
9aa21fa9_nohash_4.wav,9aa21fa9,right,left,32,155.4567814,9.735387802
9aa21fa9_nohash_1.wav,9aa21fa9,stop,left,30,152.7879238,9.823888779
9aa21fa9_nohash_2.wav,9aa21fa9,stop,down,12,124.4893074,7.593087673
9aa21fa9_nohash_3.wav,9aa21fa9,stop,left,38,165.1916504,10.42916107
9aa21fa9_nohash_4.wav,9aa21fa9,stop,left,27,148.0405331,10.88971806
9aa21fa9_nohash_1.wav,9aa21fa9,up,left,32,155.4291248,10.53617382
9aa21fa9_nohash_2.wav,9aa21fa9,up,left,30,152.6989937,10.08369064
9aa21fa9_nohash_3.wav,9aa21fa9,up,stop,28,149.2204666,9.099080086
9aa21fa9_nohash_4.wav,9aa21fa9,up,left,31,154.1962624,10.53929043
9aa21fa9_nohash_1.wav,9aa21fa9,yes,yes,18,134.0427399,6.081235886
9aa21fa9_nohash_2.wav,9aa21fa9,yes,yes,20,136.7897987,6.385939598
9aa21fa9_nohash_3.wav,9aa21fa9,yes,yes,13,125.7791519,4.064487934
9aa21fa9_nohash_4.wav,9aa21fa9,yes,yes,13,125.8339882,5.016523361
a04817c2_nohash_1.wav,a04817c2,down,down,17,128.6911964,6.139304161
a04817c2_nohash_2.wav,a04817c2,down,down,23,136.7237568,2.620240211
a04817c2_nohash_3.wav,a04817c2,down,down,22,135.217905,3.608733654
a04817c2_nohash_4.wav,a04817c2,down,down,23,136.6541386,3.802021742
a04817c2_nohash_1.wav,a04817c2,go,go,20,132.5461864,3.255123377
a04817c2_nohash_2.wav,a04817c2,go,go,24,137.8121376,4.615025997
a04817c2_nohash_3.wav,a04817c2,go,go,21,133.8789463,4.081583023
a04817c2_nohash_4.wav,a04817c2,go,go,16,127.2161007,3.152210236
a04817c2_nohash_1.wav,a04817c2,left,left,15,125.9219646,5.545649529
a04817c2_nohash_2.wav,a04817c2,left,left,15,125.6597042,4.810760021
a04817c2_nohash_3.wav,a04817c2,left,left,14,124.3228912,3.980040073
a04817c2_nohash_4.wav,a04817c2,left,left,13,123.124361,4.344694614
a04817c2_nohash_1.wav,a04817c2,no,no,29,144.2368031,4.995578766
a04817c2_nohash_2.wav,a04817c2,no,no,26,140.6006813,5.132854939
a04817c2_nohash_3.wav,a04817c2,no,no,26,140.8371925,4.44835186
a04817c2_nohash_4.wav,a04817c2,no,no,24,137.8748417,4.60639143
a04817c2_nohash_1.wav,a04817c2,right,right,14,124.8693466,5.385871887
a04817c2_nohash_2.wav,a04817c2,right,right,16,126.9619465,5.116441727
a04817c2_nohash_3.wav,a04817c2,right,right,14,124.9632835,4.007072926
a04817c2_nohash_4.wav,a04817c2,right,right,17,128.5555363,5.305086613
a04817c2_nohash_1.wav,a04817c2,stop,stop,14,124.2721081,4.357815742
a04817c2_nohash_2.wav,a04817c2,stop,stop,14,124.4587898,4.348603249
a04817c2_nohash_3.wav,a04817c2,stop,stop,12,121.9844818,3.505530357
a04817c2_nohash_4.wav,a04817c2,stop,stop,13,123.0313778,3.840389013
a04817c2_nohash_1.wav,a04817c2,up,up,12,121.5367317,3.040992737
a04817c2_nohash_2.wav,a04817c2,up,up,12,121.997118,3.544394255
a04817c2_nohash_3.wav,a04817c2,up,up,12,122.3301888,4.144251347
a04817c2_nohash_4.wav,a04817c2,up,up,12,121.3948727,4.195123196
a04817c2_nohash_1.wav,a04817c2,yes,yes,17,128.1676292,4.439805984
a04817c2_nohash_2.wav,a04817c2,yes,yes,12,121.7932701,3.640114784
a04817c2_nohash_3.wav,a04817c2,yes,yes,14,124.2814064,4.446838856
a04817c2_nohash_4.wav,a04817c2,yes,yes,16,127.1426678,4.407608509
b4ea0d9a_nohash_1.wav,b4ea0d9a,down,down,12,122.3127842,4.41008997
b4ea0d9a_nohash_2.wav,b4ea0d9a,down,down,12,122.3461628,4.445885658
b4ea0d9a_nohash_3.wav,b4ea0d9a,down,down,12,122.2994328,0
b4ea0d9a_nohash_4.wav,b4ea0d9a,down,down,12,122.5841045,3.967293024
b4ea0d9a_nohash_5.wav,b4ea0d9a,down,down,12,122.4448681,4.41008997
b4ea0d9a_nohash_6.wav,b4ea0d9a,down,down,12,122.6241589,3.967293024
b4ea0d9a_nohash_7.wav,b4ea0d9a,down,left,22,136.3008022,7.491061687
b4ea0d9a_nohash_1.wav,b4ea0d9a,go,no,12,122.3964691,5.885000229
b4ea0d9a_nohash_2.wav,b4ea0d9a,go,go,17,129.4209957,6.51662159
b4ea0d9a_nohash_3.wav,b4ea0d9a,go,no,12,122.367382,5.885000229
b4ea0d9a_nohash_4.wav,b4ea0d9a,go,right,12,122.3480701,7.476425648
b4ea0d9a_nohash_5.wav,b4ea0d9a,go,go,18,131.1042309,6.525367737
b4ea0d9a_nohash_6.wav,b4ea0d9a,go,go,17,129.3413639,6.51662159
b4ea0d9a_nohash_1.wav,b4ea0d9a,left,right,15,126.7235279,8.757748604
b4ea0d9a_nohash_2.wav,b4ea0d9a,left,right,12,122.6994991,8.598156929
b4ea0d9a_nohash_3.wav,b4ea0d9a,left,right,12,122.6432323,6.956661701
b4ea0d9a_nohash_4.wav,b4ea0d9a,left,right,12,122.3225594,8.598156929
b4ea0d9a_nohash_1.wav,b4ea0d9a,no,no,12,122.3943233,0
b4ea0d9a_nohash_2.wav,b4ea0d9a,no,down,12,122.3137379,6.764091969
b4ea0d9a_nohash_3.wav,b4ea0d9a,no,left,22,136.2249851,6.390369892
b4ea0d9a_nohash_4.wav,b4ea0d9a,no,no,12,122.1401691,5.307523727
b4ea0d9a_nohash_5.wav,b4ea0d9a,no,go,15,126.2528896,7.189594746
b4ea0d9a_nohash_1.wav,b4ea0d9a,right,left,24,138.8885975,7.153831005
b4ea0d9a_nohash_2.wav,b4ea0d9a,right,left,24,139.0872002,7.96832037
b4ea0d9a_nohash_3.wav,b4ea0d9a,right,right,12,122.5221157,4.035004139
b4ea0d9a_nohash_4.wav,b4ea0d9a,right,left,24,139.2738819,7.96832037
b4ea0d9a_nohash_5.wav,b4ea0d9a,right,right,12,122.4422455,5.14499855
b4ea0d9a_nohash_1.wav,b4ea0d9a,stop,up,12,122.3733425,9.14973259
b4ea0d9a_nohash_2.wav,b4ea0d9a,stop,stop,24,139.0433311,5.056231499
b4ea0d9a_nohash_3.wav,b4ea0d9a,stop,up,12,122.1790314,9.14973259
b4ea0d9a_nohash_4.wav,b4ea0d9a,stop,stop,24,139.2118931,5.056231499
b4ea0d9a_nohash_5.wav,b4ea0d9a,stop,up,12,122.2112179,6.41114521
b4ea0d9a_nohash_6.wav,b4ea0d9a,stop,stop,19,132.0717335,5.759874344
b4ea0d9a_nohash_1.wav,b4ea0d9a,up,no,12,122.5056648,10.1362257
b4ea0d9a_nohash_2.wav,b4ea0d9a,up,stop,12,122.4997044,9.742256165
b4ea0d9a_nohash_3.wav,b4ea0d9a,up,stop,12,122.4873066,7.73030901
b4ea0d9a_nohash_4.wav,b4ea0d9a,up,stop,12,122.4763393,9.742256165
b4ea0d9a_nohash_1.wav,b4ea0d9a,yes,yes,26,141.4046288,6.935279846
b4ea0d9a_nohash_2.wav,b4ea0d9a,yes,yes,28,144.4356441,6.715905666
b4ea0d9a_nohash_3.wav,b4ea0d9a,yes,right,19,132.1377754,8.844280243
b4ea0d9a_nohash_4.wav,b4ea0d9a,yes,right,13,123.7254143,7.890864372
b4ea0d9a_nohash_5.wav,b4ea0d9a,yes,yes,26,141.9253349,6.935279846
b4ea0d9a_nohash_6.wav,b4ea0d9a,yes,yes,27,142.8332329,0
b4ea0d9a_nohash_7.wav,b4ea0d9a,yes,right,19,131.6878796,8.844280243
b5cf6ea8_nohash_1.wav,b5cf6ea8,down,down,19,131.9401264,4.762315273
b5cf6ea8_nohash_2.wav,b5cf6ea8,down,down,19,132.3952675,4.762315273
b5cf6ea8_nohash_3.wav,b5cf6ea8,down,down,23,137.994051,4.382208824
b5cf6ea8_nohash_4.wav,b5cf6ea8,down,down,21,135.0355148,4.910916805
b5cf6ea8_nohash_5.wav,b5cf6ea8,down,down,23,137.5079155,4.382208824
b5cf6ea8_nohash_6.wav,b5cf6ea8,down,down,21,134.9477768,0
b5cf6ea8_nohash_7.wav,b5cf6ea8,down,down,18,130.98526,4.577095032
b5cf6ea8_nohash_1.wav,b5cf6ea8,go,go,12,122.5368977,3.611971855
b5cf6ea8_nohash_2.wav,b5cf6ea8,go,go,13,123.8563061,4.172913551
b5cf6ea8_nohash_3.wav,b5cf6ea8,go,go,13,123.8894463,3.266790628
b5cf6ea8_nohash_4.wav,b5cf6ea8,go,go,12,122.585535,3.611971855
b5cf6ea8_nohash_5.wav,b5cf6ea8,go,go,15,126.2676716,4.090204716
b5cf6ea8_nohash_1.wav,b5cf6ea8,left,left,26,141.7686939,4.486305237
b5cf6ea8_nohash_2.wav,b5cf6ea8,left,left,29,145.8456516,5.409479141
b5cf6ea8_nohash_3.wav,b5cf6ea8,left,left,23,137.4742985,0
b5cf6ea8_nohash_4.wav,b5cf6ea8,left,left,28,144.8383331,5.439215183
b5cf6ea8_nohash_5.wav,b5cf6ea8,left,left,28,144.692421,5.563985825
b5cf6ea8_nohash_6.wav,b5cf6ea8,left,left,28,144.4525719,5.439215183
b5cf6ea8_nohash_1.wav,b5cf6ea8,no,no,12,122.6041317,4.195001602
b5cf6ea8_nohash_2.wav,b5cf6ea8,no,no,12,122.4188805,3.143512964
b5cf6ea8_nohash_3.wav,b5cf6ea8,no,no,12,122.2138405,3.143512964
b5cf6ea8_nohash_4.wav,b5cf6ea8,no,down,18,130.7930946,9.699539185
b5cf6ea8_nohash_5.wav,b5cf6ea8,no,no,12,122.739315,0
b5cf6ea8_nohash_6.wav,b5cf6ea8,no,down,18,131.0272217,9.699539185
b5cf6ea8_nohash_7.wav,b5cf6ea8,no,no,12,122.5748062,4.195001602
b5cf6ea8_nohash_8.wav,b5cf6ea8,no,no,12,122.9050159,3.460809708
b5cf6ea8_nohash_1.wav,b5cf6ea8,right,right,24,139.2314434,5.065671921
b5cf6ea8_nohash_2.wav,b5cf6ea8,right,right,24,138.9389038,4.694051743
b5cf6ea8_nohash_3.wav,b5cf6ea8,right,right,24,139.3074989,4.694051743
b5cf6ea8_nohash_4.wav,b5cf6ea8,right,right,23,137.9876137,5.09769392
b5cf6ea8_nohash_5.wav,b5cf6ea8,right,right,28,144.6669102,5.135750771
b5cf6ea8_nohash_6.wav,b5cf6ea8,right,right,24,139.4424438,4.694051743
b5cf6ea8_nohash_7.wav,b5cf6ea8,right,right,28,144.8092461,5.135750771
b5cf6ea8_nohash_8.wav,b5cf6ea8,right,right,24,139.2579079,4.694051743
b5cf6ea8_nohash_9.wav,b5cf6ea8,right,right,23,137.9678249,5.09769392
b5cf6ea8_nohash_1.wav,b5cf6ea8,stop,stop,23,137.6736164,5.031078815
b5cf6ea8_nohash_2.wav,b5cf6ea8,stop,stop,19,132.283926,6.895720005
b5cf6ea8_nohash_3.wav,b5cf6ea8,stop,stop,31,148.9644051,10.20692539
b5cf6ea8_nohash_4.wav,b5cf6ea8,stop,stop,23,137.4201775,5.031078815
b5cf6ea8_nohash_5.wav,b5cf6ea8,stop,stop,21,134.6480846,0
b5cf6ea8_nohash_6.wav,b5cf6ea8,stop,stop,31,148.775816,10.20692539
b5cf6ea8_nohash_1.wav,b5cf6ea8,up,up,19,131.9744587,8.267823219
b5cf6ea8_nohash_2.wav,b5cf6ea8,up,up,16,127.6459694,8.690893173
b5cf6ea8_nohash_3.wav,b5cf6ea8,up,up,15,126.635313,8.363433838
b5cf6ea8_nohash_4.wav,b5cf6ea8,up,up,12,122.5323677,4.958254814
b5cf6ea8_nohash_5.wav,b5cf6ea8,up,up,15,126.5454292,8.363433838
b5cf6ea8_nohash_6.wav,b5cf6ea8,up,up,12,122.5275993,4.958254814
b5cf6ea8_nohash_1.wav,b5cf6ea8,yes,yes,25,140.5537128,4.174163818
b5cf6ea8_nohash_2.wav,b5cf6ea8,yes,yes,23,137.9835606,4.184433937
b5cf6ea8_nohash_3.wav,b5cf6ea8,yes,yes,25,140.2442455,5.028402328
b5cf6ea8_nohash_4.wav,b5cf6ea8,yes,yes,27,143.337965,4.419167995
b5cf6ea8_nohash_5.wav,b5cf6ea8,yes,yes,27,143.042326,4.419167995
b5cf6ea8_nohash_6.wav,b5cf6ea8,yes,yes,25,140.2378082,4.174163818
b5cf6ea8_nohash_7.wav,b5cf6ea8,yes,yes,25,140.4237747,5.028402328
b66f4f93_nohash_1.wav,b66f4f93,down,down,19,131.0269833,5.417109013
b66f4f93_nohash_2.wav,b66f4f93,down,down,25,139.3051147,4.474431515
b66f4f93_nohash_3.wav,b66f4f93,down,down,17,128.6542416,5.720716
b66f4f93_nohash_4.wav,b66f4f93,down,down,28,143.3010101,0
b66f4f93_nohash_5.wav,b66f4f93,down,down,25,139.6241188,4.474431515
b66f4f93_nohash_6.wav,b66f4f93,down,down,19,132.0462227,5.417109013
b66f4f93_nohash_7.wav,b66f4f93,down,down,20,133.0859661,5.090923786
b66f4f93_nohash_8.wav,b66f4f93,down,down,20,132.7650547,5.090923786
b66f4f93_nohash_1.wav,b66f4f93,go,go,16,127.5513172,5.670907021
b66f4f93_nohash_2.wav,b66f4f93,go,go,16,127.0337105,0
b66f4f93_nohash_3.wav,b66f4f93,go,go,19,131.4425468,4.814537525
b66f4f93_nohash_4.wav,b66f4f93,go,go,16,127.0682812,5.670907021
b66f4f93_nohash_5.wav,b66f4f93,go,go,15,125.8919239,3.997863054
b66f4f93_nohash_6.wav,b66f4f93,go,go,19,130.8531761,4.814537525
b66f4f93_nohash_7.wav,b66f4f93,go,go,15,126.2595654,3.997863054
b66f4f93_nohash_8.wav,b66f4f93,go,go,14,124.7417927,4.647783756
b66f4f93_nohash_1.wav,b66f4f93,left,left,12,122.1673489,4.840916634
b66f4f93_nohash_2.wav,b66f4f93,left,left,12,121.992588,3.976165056
b66f4f93_nohash_3.wav,b66f4f93,left,left,16,127.3508072,8.278183937
b66f4f93_nohash_4.wav,b66f4f93,left,left,12,122.1389771,4.840916634
b66f4f93_nohash_5.wav,b66f4f93,left,left,12,121.5367317,4.084462643
b66f4f93_nohash_6.wav,b66f4f93,left,left,12,121.9959259,4.084462643
b66f4f93_nohash_1.wav,b66f4f93,no,no,18,129.8816204,5.427461624
b66f4f93_nohash_2.wav,b66f4f93,no,no,18,129.4119358,4.137588978
b66f4f93_nohash_3.wav,b66f4f93,no,no,17,128.4072399,3.223786354
b66f4f93_nohash_4.wav,b66f4f93,no,no,18,129.7347546,4.137588978
b66f4f93_nohash_5.wav,b66f4f93,no,no,18,129.812479,0
b66f4f93_nohash_6.wav,b66f4f93,no,no,18,129.6207905,5.427461624
b66f4f93_nohash_7.wav,b66f4f93,no,no,17,128.357172,3.223786354
b66f4f93_nohash_8.wav,b66f4f93,no,no,22,135.3900433,4.081992149
b66f4f93_nohash_1.wav,b66f4f93,right,right,14,124.4330406,5.292442322
b66f4f93_nohash_2.wav,b66f4f93,right,right,14,124.7045994,5.626130581
b66f4f93_nohash_3.wav,b66f4f93,right,right,14,124.5963573,5.626130581
b66f4f93_nohash_4.wav,b66f4f93,right,right,16,127.4986267,0
b66f4f93_nohash_5.wav,b66f4f93,right,right,13,123.3811378,5.753781319
b66f4f93_nohash_6.wav,b66f4f93,right,right,14,124.4769096,5.292442322
b66f4f93_nohash_7.wav,b66f4f93,right,right,15,126.3127327,5.711947441
b66f4f93_nohash_8.wav,b66f4f93,right,right,13,123.6236095,5.753781319
b66f4f93_nohash_1.wav,b66f4f93,stop,stop,12,122.2760677,0
b66f4f93_nohash_2.wav,b66f4f93,stop,no,14,124.5288849,9.907468796
b66f4f93_nohash_3.wav,b66f4f93,stop,no,14,124.8562336,11.32505417
b66f4f93_nohash_4.wav,b66f4f93,stop,stop,12,122.0610142,3.546401739
b66f4f93_nohash_5.wav,b66f4f93,stop,stop,12,122.0161915,4.473900318
b66f4f93_nohash_6.wav,b66f4f93,stop,stop,12,122.2736835,3.546401739
b66f4f93_nohash_7.wav,b66f4f93,stop,no,14,125.1306534,9.907468796
b66f4f93_nohash_8.wav,b66f4f93,stop,stop,12,121.9871044,4.473900318
b66f4f93_nohash_1.wav,b66f4f93,up,up,12,121.6807365,4.024150848
b66f4f93_nohash_2.wav,b66f4f93,up,up,12,121.7610836,4.024150848
b66f4f93_nohash_3.wav,b66f4f93,up,up,12,121.8261719,4.094079494
b66f4f93_nohash_4.wav,b66f4f93,up,up,12,122.0386028,3.742599249
b66f4f93_nohash_5.wav,b66f4f93,up,up,12,121.7808723,4.634614468
b66f4f93_nohash_1.wav,b66f4f93,yes,yes,24,138.215065,5.807043076
b66f4f93_nohash_2.wav,b66f4f93,yes,yes,19,132.1051121,5.336606026
b66f4f93_nohash_3.wav,b66f4f93,yes,yes,19,131.5948963,5.336606026
b66f4f93_nohash_4.wav,b66f4f93,yes,yes,22,135.4863644,4.26393795
b66f4f93_nohash_5.wav,b66f4f93,yes,yes,24,138.197422,5.807043076
b66f4f93_nohash_6.wav,b66f4f93,yes,yes,22,135.0564957,4.26393795
b66f4f93_nohash_7.wav,b66f4f93,yes,yes,23,136.4881992,0
b66f4f93_nohash_8.wav,b66f4f93,yes,yes,25,139.4336224,4.699721336
b66f4f93_nohash_9.wav,b66f4f93,yes,yes,25,139.5440102,4.699721336
c1d39ce8_nohash_1.wav,c1d39ce8,down,down,36,162.7099514,6.353030205
c1d39ce8_nohash_2.wav,c1d39ce8,down,down,38,165.7786369,0
c1d39ce8_nohash_3.wav,c1d39ce8,down,up,17,132.4191093,7.715583324
c1d39ce8_nohash_4.wav,c1d39ce8,down,down,36,162.5058651,6.353030205
c1d39ce8_nohash_5.wav,c1d39ce8,down,up,17,132.9228878,7.715583324
c1d39ce8_nohash_6.wav,c1d39ce8,down,no,23,142.0254707,8.826863289
c1d39ce8_nohash_7.wav,c1d39ce8,down,no,23,142.1313286,8.826863289
c1d39ce8_nohash_1.wav,c1d39ce8,go,go,47,179.7113419,5.696538448
c1d39ce8_nohash_2.wav,c1d39ce8,go,no,12,124.7704029,6.893088818
c1d39ce8_nohash_3.wav,c1d39ce8,go,go,47,179.6512604,5.696538448
c1d39ce8_nohash_4.wav,c1d39ce8,go,no,12,124.8955727,6.893088818
c1d39ce8_nohash_5.wav,c1d39ce8,go,go,31,154.3648243,5.055095196
c1d39ce8_nohash_6.wav,c1d39ce8,go,go,32,156.3234329,0
c1d39ce8_nohash_7.wav,c1d39ce8,go,no,15,129.4085979,6.859462261
c1d39ce8_nohash_8.wav,c1d39ce8,go,go,31,154.5372009,5.055095196
c1d39ce8_nohash_9.wav,c1d39ce8,go,no,15,129.2040348,6.859462261
c1d39ce8_nohash_1.wav,c1d39ce8,left,yes,33,158.1749916,8.227264404
c1d39ce8_nohash_2.wav,c1d39ce8,left,left,12,125.266552,5.118776798
c1d39ce8_nohash_3.wav,c1d39ce8,left,left,12,124.7751713,0
c1d39ce8_nohash_4.wav,c1d39ce8,left,yes,33,157.6223373,8.227264404
c1d39ce8_nohash_5.wav,c1d39ce8,left,left,12,125.1900196,5.118776798
c1d39ce8_nohash_6.wav,c1d39ce8,left,yes,34,159.3911648,9.348830223
c1d39ce8_nohash_7.wav,c1d39ce8,left,yes,34,159.4412327,9.348830223
c1d39ce8_nohash_1.wav,c1d39ce8,no,no,16,130.73349,5.1220541
c1d39ce8_nohash_2.wav,c1d39ce8,no,no,14,128.1714439,5.036751747
c1d39ce8_nohash_3.wav,c1d39ce8,no,no,17,132.7528954,0
c1d39ce8_nohash_4.wav,c1d39ce8,no,go,26,146.743536,4.717596054
c1d39ce8_nohash_5.wav,c1d39ce8,no,no,20,137.1834278,6.14909935
c1d39ce8_nohash_6.wav,c1d39ce8,no,go,26,146.6426849,4.717596054
c1d39ce8_nohash_7.wav,c1d39ce8,no,no,16,130.998373,5.1220541
c1d39ce8_nohash_8.wav,c1d39ce8,no,no,14,127.363205,5.036751747
c1d39ce8_nohash_9.wav,c1d39ce8,no,no,20,137.1636391,6.14909935
c1d39ce8_nohash_1.wav,c1d39ce8,right,right,12,124.8805523,0
c1d39ce8_nohash_2.wav,c1d39ce8,right,right,13,126.6000271,7.739635468
c1d39ce8_nohash_3.wav,c1d39ce8,right,yes,45,176.7416,8.491034508
c1d39ce8_nohash_4.wav,c1d39ce8,right,yes,51,186.1958504,10.00316715
c1d39ce8_nohash_5.wav,c1d39ce8,right,yes,51,186.4573956,10.00316715
c1d39ce8_nohash_6.wav,c1d39ce8,right,yes,45,177.0234108,8.491034508
c1d39ce8_nohash_7.wav,c1d39ce8,right,right,13,126.3506413,7.739635468
c1d39ce8_nohash_1.wav,c1d39ce8,stop,yes,41,170.5050468,10.1688652
c1d39ce8_nohash_2.wav,c1d39ce8,stop,yes,45,177.2413254,11.1523428
c1d39ce8_nohash_3.wav,c1d39ce8,stop,yes,41,170.5760956,10.1688652
c1d39ce8_nohash_4.wav,c1d39ce8,stop,yes,52,188.1530285,12.49624634
c1d39ce8_nohash_5.wav,c1d39ce8,stop,yes,45,177.274704,11.1523428
c1d39ce8_nohash_6.wav,c1d39ce8,stop,stop,47,180.5403233,0
c1d39ce8_nohash_7.wav,c1d39ce8,stop,up,12,124.6166229,6.025510311
c1d39ce8_nohash_8.wav,c1d39ce8,stop,yes,52,188.2138252,12.49624634
c1d39ce8_nohash_9.wav,c1d39ce8,stop,up,12,124.7081757,6.025510311
c1d39ce8_nohash_1.wav,c1d39ce8,up,up,12,124.4065762,5.618835449
c1d39ce8_nohash_2.wav,c1d39ce8,up,stop,57,196.3295937,11.62862492
c1d39ce8_nohash_3.wav,c1d39ce8,up,yes,31,154.6831131,12.27025223
c1d39ce8_nohash_4.wav,c1d39ce8,up,yes,31,154.902935,12.27025223
c1d39ce8_nohash_5.wav,c1d39ce8,up,down,27,148.4131813,12.3621397
c1d39ce8_nohash_6.wav,c1d39ce8,up,up,12,124.6142387,0
c1d39ce8_nohash_7.wav,c1d39ce8,up,down,27,148.7751007,12.3621397
c1d39ce8_nohash_8.wav,c1d39ce8,up,stop,57,196.4297295,11.62862492
c1d39ce8_nohash_9.wav,c1d39ce8,up,up,12,124.5639324,5.618835449
c1d39ce8_nohash_1.wav,c1d39ce8,yes,yes,42,172.0981598,6.652170658
c1d39ce8_nohash_2.wav,c1d39ce8,yes,right,27,148.5426426,10.05606747
c1d39ce8_nohash_3.wav,c1d39ce8,yes,right,27,148.8809586,10.05606747
c1d39ce8_nohash_4.wav,c1d39ce8,yes,yes,55,192.8904057,8.041044235
c1d39ce8_nohash_5.wav,c1d39ce8,yes,no,12,124.5543957,9.574221611
c1d39ce8_nohash_6.wav,c1d39ce8,yes,yes,44,175.3635406,0
c1d39ce8_nohash_7.wav,c1d39ce8,yes,yes,42,171.8759537,6.652170658
c1d39ce8_nohash_8.wav,c1d39ce8,yes,yes,55,192.6715374,8.041044235
c1d39ce8_nohash_9.wav,c1d39ce8,yes,no,12,124.3548393,9.574221611
c1e0e8e3_nohash_1.wav,c1e0e8e3,down,no,20,132.8995228,7.138403893
c1e0e8e3_nohash_2.wav,c1e0e8e3,down,no,20,132.9677105,6.154057503
c1e0e8e3_nohash_3.wav,c1e0e8e3,down,yes,43,164.2472744,10.06941509
c1e0e8e3_nohash_4.wav,c1e0e8e3,down,no,15,126.0678768,7.814659119
c1e0e8e3_nohash_1.wav,c1e0e8e3,go,go,16,127.5718212,6.441561699
c1e0e8e3_nohash_2.wav,c1e0e8e3,go,no,17,128.8819313,5.843706131
c1e0e8e3_nohash_3.wav,c1e0e8e3,go,go,16,127.6581287,4.612131119
c1e0e8e3_nohash_4.wav,c1e0e8e3,go,down,21,134.6464157,8.182085037
c1e0e8e3_nohash_1.wav,c1e0e8e3,left,left,19,131.7296028,9.209535599
c1e0e8e3_nohash_2.wav,c1e0e8e3,left,right,12,122.4339008,7.916696072
c1e0e8e3_nohash_3.wav,c1e0e8e3,left,right,20,132.9586506,7.633798122
c1e0e8e3_nohash_4.wav,c1e0e8e3,left,stop,38,157.5126648,10.698349
c1e0e8e3_nohash_1.wav,c1e0e8e3,no,no,16,127.4843216,4.828341484
c1e0e8e3_nohash_2.wav,c1e0e8e3,no,no,14,124.7487068,4.379813194
c1e0e8e3_nohash_3.wav,c1e0e8e3,no,no,18,130.3424835,5.388949871
c1e0e8e3_nohash_4.wav,c1e0e8e3,no,no,17,129.9014091,5.084354877
c1e0e8e3_nohash_1.wav,c1e0e8e3,right,right,26,141.4620876,8.397586823
c1e0e8e3_nohash_2.wav,c1e0e8e3,right,right,21,134.9775791,7.444173813
c1e0e8e3_nohash_3.wav,c1e0e8e3,right,right,21,134.4671249,8.108013153
c1e0e8e3_nohash_4.wav,c1e0e8e3,right,right,24,138.6110783,7.975034237
c1e0e8e3_nohash_1.wav,c1e0e8e3,stop,right,12,122.5438118,8.222717285
c1e0e8e3_nohash_2.wav,c1e0e8e3,stop,up,12,122.8730679,7.846403122
c1e0e8e3_nohash_3.wav,c1e0e8e3,stop,down,12,122.3995686,7.235007763
c1e0e8e3_nohash_4.wav,c1e0e8e3,stop,down,12,122.4787235,9.059740067
c1e0e8e3_nohash_1.wav,c1e0e8e3,up,right,12,122.5409508,7.367734909
c1e0e8e3_nohash_2.wav,c1e0e8e3,up,up,12,122.0693588,6.94808054
c1e0e8e3_nohash_3.wav,c1e0e8e3,up,up,12,122.1327782,7.396269321
c1e0e8e3_nohash_4.wav,c1e0e8e3,up,stop,49,172.4946499,10.8853302
c1e0e8e3_nohash_1.wav,c1e0e8e3,yes,yes,13,123.5837936,4.785955906
c1e0e8e3_nohash_2.wav,c1e0e8e3,yes,yes,12,122.1292019,5.035801411
c1e0e8e3_nohash_3.wav,c1e0e8e3,yes,yes,13,123.4498024,5.103694916
c1e0e8e3_nohash_4.wav,c1e0e8e3,yes,yes,12,122.4098206,5.15695858
c22d3f18_nohash_1.wav,c22d3f18,down,down,14,125.6103516,5.4515028
c22d3f18_nohash_2.wav,c22d3f18,down,down,15,127.0508766,5.222652912
c22d3f18_nohash_3.wav,c22d3f18,down,down,14,125.6144047,5.858628273
c22d3f18_nohash_4.wav,c22d3f18,down,down,14,125.3962517,5.672375679
c22d3f18_nohash_1.wav,c22d3f18,go,go,15,126.4441013,5.72652483
c22d3f18_nohash_2.wav,c22d3f18,go,go,18,131.1283112,4.909579754
c22d3f18_nohash_3.wav,c22d3f18,go,no,15,127.1018982,4.935154915
c22d3f18_nohash_4.wav,c22d3f18,go,stop,32,151.0312557,11.11095715
c22d3f18_nohash_1.wav,c22d3f18,left,right,12,123.0676174,6.633749008
c22d3f18_nohash_2.wav,c22d3f18,left,left,46,170.6519127,8.005479813
c22d3f18_nohash_3.wav,c22d3f18,left,right,14,125.5190372,7.701690197
c22d3f18_nohash_4.wav,c22d3f18,left,right,16,128.382206,8.004433632
c22d3f18_nohash_1.wav,c22d3f18,no,go,24,139.5711899,7.648751259
c22d3f18_nohash_2.wav,c22d3f18,no,no,15,127.1362305,4.748345852
c22d3f18_nohash_3.wav,c22d3f18,no,no,16,128.0348301,4.473296165
c22d3f18_nohash_4.wav,c22d3f18,no,stop,50,176.3458252,9.548364639
c22d3f18_nohash_1.wav,c22d3f18,right,left,48,173.6476421,11.10094643
c22d3f18_nohash_2.wav,c22d3f18,right,right,22,137.0518208,3.878667355
c22d3f18_nohash_3.wav,c22d3f18,right,right,32,150.775671,8.715715408
c22d3f18_nohash_4.wav,c22d3f18,right,right,16,128.3764839,3.177838326
c22d3f18_nohash_1.wav,c22d3f18,stop,stop,20,133.923769,9.356726646
c22d3f18_nohash_2.wav,c22d3f18,stop,stop,16,128.6966801,5.67808342
c22d3f18_nohash_3.wav,c22d3f18,stop,left,33,152.3866653,12.72672367
c22d3f18_nohash_4.wav,c22d3f18,stop,right,38,159.1010094,10.63096619
c22d3f18_nohash_1.wav,c22d3f18,up,down,21,135.2434158,8.934393883
c22d3f18_nohash_2.wav,c22d3f18,up,up,22,136.7673874,9.926082611
c22d3f18_nohash_3.wav,c22d3f18,up,left,21,135.6699467,11.57462788
c22d3f18_nohash_4.wav,c22d3f18,up,up,21,135.4625225,9.326522827
c22d3f18_nohash_1.wav,c22d3f18,yes,yes,33,152.1556377,5.278388977
c22d3f18_nohash_2.wav,c22d3f18,yes,left,49,174.574852,9.609767914
c22d3f18_nohash_3.wav,c22d3f18,yes,yes,53,180.5932522,7.029429913
c22d3f18_nohash_4.wav,c22d3f18,yes,yes,33,152.1661282,5.42054224
c948d727_nohash_1.wav,c948d727,down,no,21,144.2289352,6.577963829
c948d727_nohash_2.wav,c948d727,down,go,16,134.9821091,7.192367554
c948d727_nohash_3.wav,c948d727,down,no,16,135.1926327,6.06505537
c948d727_nohash_4.wav,c948d727,down,no,25,151.6816616,8.050456047
c948d727_nohash_1.wav,c948d727,go,go,19,140.5596733,5.189552784
c948d727_nohash_2.wav,c948d727,go,no,16,135.0822449,5.86983633
c948d727_nohash_3.wav,c948d727,go,go,20,142.4956322,4.651019096
c948d727_nohash_4.wav,c948d727,go,no,22,146.2275982,9.477331161
c948d727_nohash_1.wav,c948d727,left,left,41,181.1327934,7.518736362
c948d727_nohash_2.wav,c948d727,left,left,40,179.6705723,5.202640057
c948d727_nohash_3.wav,c948d727,left,left,61,218.1658745,5.975459099
c948d727_nohash_4.wav,c948d727,left,left,56,208.3222866,5.114869118
c948d727_nohash_1.wav,c948d727,no,no,17,136.9590759,4.416778564
c948d727_nohash_2.wav,c948d727,no,go,51,199.6951103,10.18702126
c948d727_nohash_3.wav,c948d727,no,no,17,136.8989944,3.549151659
c948d727_nohash_4.wav,c948d727,no,no,22,146.4469433,5.673306942
c948d727_nohash_1.wav,c948d727,right,right,42,183.2845211,7.253148556
c948d727_nohash_2.wav,c948d727,right,right,30,161.2689495,6.483366966
c948d727_nohash_3.wav,c948d727,right,right,55,207.0641518,6.488224506
c948d727_nohash_4.wav,c948d727,right,left,54,205.3518295,8.463253021
c948d727_nohash_1.wav,c948d727,stop,left,26,154.7129154,8.0552845
c948d727_nohash_2.wav,c948d727,stop,stop,41,181.4680099,8.321792603
c948d727_nohash_3.wav,c948d727,stop,stop,43,184.9884987,6.301553249
c948d727_nohash_4.wav,c948d727,stop,stop,57,210.8905315,10.4530611
c948d727_nohash_1.wav,c948d727,up,up,26,153.7275314,7.104981422
c948d727_nohash_2.wav,c948d727,up,up,38,175.6489277,7.203801632
c948d727_nohash_3.wav,c948d727,up,up,47,192.3646927,5.943740368
c948d727_nohash_4.wav,c948d727,up,up,35,169.9180603,7.358763695
c948d727_nohash_1.wav,c948d727,yes,yes,35,170.3944206,4.784581184
c948d727_nohash_2.wav,c948d727,yes,yes,40,179.2926788,4.55237627
c948d727_nohash_3.wav,c948d727,yes,yes,43,184.3822002,4.242275715
c948d727_nohash_4.wav,c948d727,yes,yes,57,210.7317448,3.130844831
cce7416f_nohash_1.wav,cce7416f,down,down,18,132.4219704,4.733736992
cce7416f_nohash_10.wav,cce7416f,down,down,22,138.692379,0
cce7416f_nohash_11.wav,cce7416f,down,down,18,132.7383518,4.733736992
cce7416f_nohash_2.wav,cce7416f,down,down,22,138.3619308,0
cce7416f_nohash_3.wav,cce7416f,down,down,17,131.2348843,6.49772644
cce7416f_nohash_4.wav,cce7416f,down,down,28,147.657156,4.811808109
cce7416f_nohash_5.wav,cce7416f,down,down,28,147.5050449,4.811808109
cce7416f_nohash_6.wav,cce7416f,down,down,17,131.3242912,6.49772644
cce7416f_nohash_7.wav,cce7416f,down,down,28,147.3567486,5.115271091
cce7416f_nohash_8.wav,cce7416f,down,down,28,147.7124691,4.811808109
cce7416f_nohash_9.wav,cce7416f,down,down,28,147.5429535,4.811808109
cce7416f_nohash_1.wav,cce7416f,go,go,26,144.4780827,0
cce7416f_nohash_10.wav,cce7416f,go,go,26,144.2553997,0
cce7416f_nohash_2.wav,cce7416f,go,go,26,144.2203522,6.248900414
cce7416f_nohash_3.wav,cce7416f,go,no,22,138.5502815,6.902512074
cce7416f_nohash_4.wav,cce7416f,go,go,26,144.6974277,6.248900414
cce7416f_nohash_5.wav,cce7416f,go,go,29,148.676157,5.447818279
cce7416f_nohash_6.wav,cce7416f,go,go,29,148.9861012,5.447818279
cce7416f_nohash_7.wav,cce7416f,go,go,26,144.0446377,6.248900414
cce7416f_nohash_8.wav,cce7416f,go,no,21,136.7709637,6.416815281
cce7416f_nohash_9.wav,cce7416f,go,go,26,144.6409225,6.248900414
cce7416f_nohash_1.wav,cce7416f,left,left,26,144.3109512,6.893274784
cce7416f_nohash_2.wav,cce7416f,left,left,42,168.4527397,12.50998116
cce7416f_nohash_3.wav,cce7416f,left,left,26,144.487381,5.322271347
cce7416f_nohash_4.wav,cce7416f,left,left,26,144.7422504,0
cce7416f_nohash_5.wav,cce7416f,left,left,26,144.5701122,0
cce7416f_nohash_6.wav,cce7416f,left,left,26,144.9189186,0
cce7416f_nohash_7.wav,cce7416f,left,left,26,144.408226,6.893274784
cce7416f_nohash_8.wav,cce7416f,left,left,26,144.4196701,6.826272964
cce7416f_nohash_9.wav,cce7416f,left,left,42,168.9805984,12.50998116
cce7416f_nohash_1.wav,cce7416f,no,no,21,136.8231773,3.840029478
cce7416f_nohash_10.wav,cce7416f,no,no,19,134.0608597,4.869468212
cce7416f_nohash_2.wav,cce7416f,no,no,19,134.0692043,4.869468212
cce7416f_nohash_3.wav,cce7416f,no,no,21,137.1152401,4.935266495
cce7416f_nohash_4.wav,cce7416f,no,no,19,133.9030266,5.129601002
cce7416f_nohash_5.wav,cce7416f,no,no,21,136.8844509,4.935266495
cce7416f_nohash_6.wav,cce7416f,no,no,21,137.0201111,4.935266495
cce7416f_nohash_7.wav,cce7416f,no,no,21,137.2754574,3.840029478
cce7416f_nohash_8.wav,cce7416f,no,no,21,137.0847225,4.935266495
cce7416f_nohash_9.wav,cce7416f,no,no,19,134.4921589,4.869468212
cce7416f_nohash_1.wav,cce7416f,right,right,22,138.6260986,5.210331917
cce7416f_nohash_10.wav,cce7416f,right,right,23,139.9688721,5.480350971
cce7416f_nohash_11.wav,cce7416f,right,right,25,143.3537006,6.262931347
cce7416f_nohash_12.wav,cce7416f,right,right,22,138.5383606,5.210331917
cce7416f_nohash_13.wav,cce7416f,right,right,25,143.1043148,6.262931347
cce7416f_nohash_14.wav,cce7416f,right,right,21,137.1057034,4.94737339
cce7416f_nohash_2.wav,cce7416f,right,right,23,140.3434277,5.480350971
cce7416f_nohash_3.wav,cce7416f,right,right,21,137.2232437,4.94737339
cce7416f_nohash_4.wav,cce7416f,right,right,23,139.8718357,5.480350971
cce7416f_nohash_5.wav,cce7416f,right,right,21,137.4361515,4.94737339
cce7416f_nohash_6.wav,cce7416f,right,right,21,137.0456219,0
cce7416f_nohash_7.wav,cce7416f,right,right,21,137.2525692,0
cce7416f_nohash_8.wav,cce7416f,right,right,21,137.1798515,0
cce7416f_nohash_9.wav,cce7416f,right,right,22,138.9191151,5.210331917
cce7416f_nohash_1.wav,cce7416f,stop,stop,27,146.2550163,9.532406807
cce7416f_nohash_10.wav,cce7416f,stop,stop,28,147.8571892,0
cce7416f_nohash_2.wav,cce7416f,stop,stop,24,141.6072845,6.131716728
cce7416f_nohash_3.wav,cce7416f,stop,stop,28,147.1946239,0
cce7416f_nohash_4.wav,cce7416f,stop,stop,32,153.7721157,10.23896599
cce7416f_nohash_5.wav,cce7416f,stop,stop,27,145.9245682,9.532406807
cce7416f_nohash_6.wav,cce7416f,stop,stop,26,144.8402405,6.334209919
cce7416f_nohash_7.wav,cce7416f,stop,stop,32,153.2781124,10.23896599
cce7416f_nohash_8.wav,cce7416f,stop,stop,26,144.6347237,6.334209919
cce7416f_nohash_9.wav,cce7416f,stop,stop,32,153.5494328,10.23896599
cce7416f_nohash_1.wav,cce7416f,up,left,14,126.6508102,8.190865517
cce7416f_nohash_10.wav,cce7416f,up,up,16,129.8816204,7.905730724
cce7416f_nohash_2.wav,cce7416f,up,up,17,130.8524609,7.459095001
cce7416f_nohash_3.wav,cce7416f,up,up,12,123.4376431,0
cce7416f_nohash_4.wav,cce7416f,up,left,14,126.8808842,8.190865517
cce7416f_nohash_5.wav,cce7416f,up,left,14,127.1300316,8.190865517
cce7416f_nohash_6.wav,cce7416f,up,left,14,126.6186237,8.190865517
cce7416f_nohash_7.wav,cce7416f,up,left,18,132.8558922,8.952461243
cce7416f_nohash_8.wav,cce7416f,up,up,16,129.3404102,7.905730724
cce7416f_nohash_9.wav,cce7416f,up,up,17,131.0713291,7.459095001
cce7416f_nohash_1.wav,cce7416f,yes,yes,22,138.2865906,4.492918491
cce7416f_nohash_10.wav,cce7416f,yes,yes,22,138.8437748,4.492918491
cce7416f_nohash_11.wav,cce7416f,yes,yes,23,139.9950981,0
cce7416f_nohash_2.wav,cce7416f,yes,yes,25,143.217802,5.535801411
cce7416f_nohash_3.wav,cce7416f,yes,yes,25,143.014431,5.535801411
cce7416f_nohash_4.wav,cce7416f,yes,yes,23,139.9986744,4.235575199
cce7416f_nohash_5.wav,cce7416f,yes,yes,25,142.7931786,5.535801411
cce7416f_nohash_6.wav,cce7416f,yes,yes,23,139.8777962,4.241122246
cce7416f_nohash_7.wav,cce7416f,yes,yes,23,140.2535439,4.241122246
cce7416f_nohash_8.wav,cce7416f,yes,yes,23,140.0055885,4.235575199
cce7416f_nohash_9.wav,cce7416f,yes,yes,25,142.4429417,5.535801411
cd671b5f_nohash_1.wav,cd671b5f,down,down,22,134.1354847,5.092455864
cd671b5f_nohash_2.wav,cd671b5f,down,down,24,137.1171474,5.65303421
cd671b5f_nohash_3.wav,cd671b5f,down,down,21,132.7090263,4.568114281
cd671b5f_nohash_4.wav,cd671b5f,down,down,20,131.806612,5.34592247
cd671b5f_nohash_1.wav,cd671b5f,go,go,17,127.9845238,3.494955778
cd671b5f_nohash_2.wav,cd671b5f,go,go,17,127.9249191,4.114136219
cd671b5f_nohash_3.wav,cd671b5f,go,go,18,129.4231415,3.168015718
cd671b5f_nohash_4.wav,cd671b5f,go,go,16,126.4884472,2.954194069
cd671b5f_nohash_1.wav,cd671b5f,left,left,12,121.2363243,4.469655037
cd671b5f_nohash_2.wav,cd671b5f,left,left,12,121.5646267,5.651431084
cd671b5f_nohash_3.wav,cd671b5f,left,left,13,122.8559017,6.639307976
cd671b5f_nohash_4.wav,cd671b5f,left,left,12,121.5484142,5.049999237
cd671b5f_nohash_1.wav,cd671b5f,no,no,20,131.7744255,3.908169746
cd671b5f_nohash_2.wav,cd671b5f,no,no,17,127.530098,4.919309139
cd671b5f_nohash_3.wav,cd671b5f,no,no,20,131.6697598,5.553065777
cd671b5f_nohash_4.wav,cd671b5f,no,no,17,128.0372143,4.384809971
cd671b5f_nohash_1.wav,cd671b5f,right,right,15,125.7529259,8.605612755
cd671b5f_nohash_2.wav,cd671b5f,right,right,12,121.5507984,5.855551243
cd671b5f_nohash_3.wav,cd671b5f,right,right,12,121.4885712,7.416604996
cd671b5f_nohash_4.wav,cd671b5f,right,right,12,121.5801239,6.97598505
cd671b5f_nohash_1.wav,cd671b5f,stop,stop,12,121.4709282,4.061397076
cd671b5f_nohash_2.wav,cd671b5f,stop,stop,12,121.9029427,4.9343853
cd671b5f_nohash_3.wav,cd671b5f,stop,stop,12,121.3922501,4.29379797
cd671b5f_nohash_4.wav,cd671b5f,stop,stop,12,121.4156151,5.827596664
cd671b5f_nohash_1.wav,cd671b5f,up,up,12,122.1287251,4.627410412
cd671b5f_nohash_2.wav,cd671b5f,up,up,12,121.5319633,4.940257549
cd671b5f_nohash_3.wav,cd671b5f,up,up,12,121.5190887,4.607655048
cd671b5f_nohash_4.wav,cd671b5f,up,up,12,121.5381622,6.683842182
cd671b5f_nohash_1.wav,cd671b5f,yes,yes,12,121.5882301,5.344691753
cd671b5f_nohash_2.wav,cd671b5f,yes,yes,12,121.3049889,5.000447273
cd671b5f_nohash_3.wav,cd671b5f,yes,yes,14,123.7859726,4.928082943
cd671b5f_nohash_4.wav,cd671b5f,yes,yes,12,121.5958595,3.550094843
cd7f8c1b_nohash_1.wav,cd7f8c1b,down,down,23,137.7203465,6.323025227
cd7f8c1b_nohash_2.wav,cd7f8c1b,down,down,23,137.925148,6.065588474
cd7f8c1b_nohash_3.wav,cd7f8c1b,down,no,37,157.0138931,9.615790367
cd7f8c1b_nohash_4.wav,cd7f8c1b,down,down,16,128.2939911,4.002856731
cd7f8c1b_nohash_1.wav,cd7f8c1b,go,go,14,125.1945496,3.807549
cd7f8c1b_nohash_2.wav,cd7f8c1b,go,go,15,126.37043,5.802449226
cd7f8c1b_nohash_3.wav,cd7f8c1b,go,go,14,125.3116131,3.812005043
cd7f8c1b_nohash_4.wav,cd7f8c1b,go,go,16,127.7625561,3.504190207
cd7f8c1b_nohash_1.wav,cd7f8c1b,left,left,12,122.7505207,4.232556343
cd7f8c1b_nohash_2.wav,cd7f8c1b,left,left,12,122.6258278,5.364400864
cd7f8c1b_nohash_3.wav,cd7f8c1b,left,up,33,151.7608166,10.98283958
cd7f8c1b_nohash_4.wav,cd7f8c1b,left,left,29,146.0263729,8.917078018
cd7f8c1b_nohash_1.wav,cd7f8c1b,no,no,12,122.4505901,5.43430233
cd7f8c1b_nohash_2.wav,cd7f8c1b,no,no,12,122.7562428,8.905497551
cd7f8c1b_nohash_3.wav,cd7f8c1b,no,no,17,129.4269562,3.728334188
cd7f8c1b_nohash_4.wav,cd7f8c1b,no,no,18,130.6900978,5.52530098
cd7f8c1b_nohash_1.wav,cd7f8c1b,right,right,12,122.6947308,4.305455208
cd7f8c1b_nohash_2.wav,cd7f8c1b,right,right,25,140.5785084,7.847296238
cd7f8c1b_nohash_3.wav,cd7f8c1b,right,right,14,125.2734661,4.577060699
cd7f8c1b_nohash_4.wav,cd7f8c1b,right,right,22,136.677742,8.909313202
cd7f8c1b_nohash_1.wav,cd7f8c1b,stop,down,17,129.257679,9.898859978
cd7f8c1b_nohash_2.wav,cd7f8c1b,stop,up,16,128.4012794,8.066447258
cd7f8c1b_nohash_3.wav,cd7f8c1b,stop,no,21,134.6287727,9.75845623
cd7f8c1b_nohash_4.wav,cd7f8c1b,stop,go,12,122.3273277,8.757551193
cd7f8c1b_nohash_1.wav,cd7f8c1b,up,down,12,122.4627495,11.76700974
cd7f8c1b_nohash_2.wav,cd7f8c1b,up,down,12,122.178793,7.43260479
cd7f8c1b_nohash_3.wav,cd7f8c1b,up,stop,22,136.2888813,13.5400219
cd7f8c1b_nohash_4.wav,cd7f8c1b,up,down,12,122.3318577,8.018924713
cd7f8c1b_nohash_1.wav,cd7f8c1b,yes,yes,16,127.6371479,3.721218586
cd7f8c1b_nohash_2.wav,cd7f8c1b,yes,yes,18,130.843401,7.203422546
cd7f8c1b_nohash_3.wav,cd7f8c1b,yes,yes,18,130.5661201,4.553984642
cd7f8c1b_nohash_4.wav,cd7f8c1b,yes,yes,17,129.7438145,4.058598518
ddedba85_nohash_1.wav,ddedba85,down,stop,19,132.6467991,3.86947751
ddedba85_nohash_10.wav,ddedba85,down,down,25,141.2270069,0
ddedba85_nohash_11.wav,ddedba85,down,left,63,194.4961548,7.671050549
ddedba85_nohash_2.wav,ddedba85,down,left,63,194.2653656,7.671050549
ddedba85_nohash_3.wav,ddedba85,down,stop,18,131.1409473,3.95523715
ddedba85_nohash_4.wav,ddedba85,down,stop,22,136.9383335,3.968323231
ddedba85_nohash_5.wav,ddedba85,down,down,25,140.7573223,0
ddedba85_nohash_6.wav,ddedba85,down,down,25,140.7353878,0
ddedba85_nohash_7.wav,ddedba85,down,stop,18,131.4041615,3.95523715
ddedba85_nohash_8.wav,ddedba85,down,down,25,141.4654255,0
ddedba85_nohash_9.wav,ddedba85,down,down,25,141.0343647,0
ddedba85_nohash_1.wav,ddedba85,go,go,19,132.4925423,3.871958017
ddedba85_nohash_10.wav,ddedba85,go,down,25,141.1273479,7.080954075
ddedba85_nohash_11.wav,ddedba85,go,go,17,129.5416355,4.212899685
ddedba85_nohash_2.wav,ddedba85,go,down,25,140.9273148,7.080954075
ddedba85_nohash_3.wav,ddedba85,go,down,25,140.8178806,7.080954075
ddedba85_nohash_4.wav,ddedba85,go,go,21,135.0131035,3.49865675
ddedba85_nohash_5.wav,ddedba85,go,down,25,141.08634,7.080954075
ddedba85_nohash_6.wav,ddedba85,go,go,19,132.4458122,3.871958017
ddedba85_nohash_7.wav,ddedba85,go,down,25,140.8729553,7.080954075
ddedba85_nohash_8.wav,ddedba85,go,go,17,129.4958591,0
ddedba85_nohash_9.wav,ddedba85,go,go,17,129.6658516,4.212899685
ddedba85_nohash_1.wav,ddedba85,left,left,20,134.086132,0
ddedba85_nohash_10.wav,ddedba85,left,up,12,123.291254,6.929310799
ddedba85_nohash_11.wav,ddedba85,left,up,14,125.2145767,7.094583988
ddedba85_nohash_2.wav,ddedba85,left,up,14,125.4343987,7.094583988
ddedba85_nohash_3.wav,ddedba85,left,up,13,124.1044998,6.05866909
ddedba85_nohash_4.wav,ddedba85,left,up,14,125.218153,6.194351673
ddedba85_nohash_5.wav,ddedba85,left,left,20,134.0949535,0
ddedba85_nohash_6.wav,ddedba85,left,left,20,134.1385841,0
ddedba85_nohash_7.wav,ddedba85,left,up,14,125.0650883,7.094583988
ddedba85_nohash_8.wav,ddedba85,left,left,20,134.7446442,0
ddedba85_nohash_9.wav,ddedba85,left,up,14,125.3519058,7.094583988
ddedba85_nohash_1.wav,ddedba85,no,no,19,132.6534748,3.591436863
ddedba85_nohash_2.wav,ddedba85,no,no,22,136.6496086,3.929257631
ddedba85_nohash_3.wav,ddedba85,no,no,18,131.1476231,0
ddedba85_nohash_4.wav,ddedba85,no,no,20,134.1657639,3.62344718
ddedba85_nohash_5.wav,ddedba85,no,no,20,133.9075565,4.395301819
ddedba85_nohash_6.wav,ddedba85,no,no,19,132.9109669,3.591436863
ddedba85_nohash_7.wav,ddedba85,no,no,19,132.2007179,3.591436863
ddedba85_nohash_8.wav,ddedba85,no,no,19,132.8425407,3.591436863
ddedba85_nohash_1.wav,ddedba85,right,right,19,132.6062679,0
ddedba85_nohash_2.wav,ddedba85,right,up,17,129.4231415,5.753807068
ddedba85_nohash_3.wav,ddedba85,right,right,19,132.484436,0
ddedba85_nohash_4.wav,ddedba85,right,up,16,128.3328533,6.236613274
ddedba85_nohash_5.wav,ddedba85,right,up,16,128.7443638,7.307424545
ddedba85_nohash_1.wav,ddedba85,stop,stop,13,124.414444,3.452264309
ddedba85_nohash_2.wav,ddedba85,stop,stop,16,128.5288334,3.863892078
ddedba85_nohash_3.wav,ddedba85,stop,stop,14,125.3504753,0
ddedba85_nohash_4.wav,ddedba85,stop,stop,14,125.3120899,2.947588444
ddedba85_nohash_1.wav,ddedba85,up,down,15,127.0763874,5.970477581
ddedba85_nohash_2.wav,ddedba85,up,up,15,126.996994,2.387553453
ddedba85_nohash_3.wav,ddedba85,up,up,15,127.0296574,2.816277981
ddedba85_nohash_4.wav,ddedba85,up,down,15,127.3283958,5.970477581
ddedba85_nohash_5.wav,ddedba85,up,down,15,126.9533634,5.970477581
ddedba85_nohash_6.wav,ddedba85,up,up,16,127.9585361,0
ddedba85_nohash_7.wav,ddedba85,up,down,15,127.2070408,5.970477581
ddedba85_nohash_8.wav,ddedba85,up,up,14,125.7476807,2.151167393
ddedba85_nohash_1.wav,ddedba85,yes,yes,21,135.2574825,4.205100536
ddedba85_nohash_10.wav,ddedba85,yes,yes,27,143.7444687,0
ddedba85_nohash_11.wav,ddedba85,yes,yes,21,135.3623867,4.205100536
ddedba85_nohash_12.wav,ddedba85,yes,yes,21,135.7722282,4.205100536
ddedba85_nohash_13.wav,ddedba85,yes,yes,17,129.3177605,9.191459656
ddedba85_nohash_14.wav,ddedba85,yes,yes,27,143.5894966,0
ddedba85_nohash_15.wav,ddedba85,yes,yes,27,143.9416409,0
ddedba85_nohash_16.wav,ddedba85,yes,yes,27,143.743515,0
ddedba85_nohash_17.wav,ddedba85,yes,yes,16,128.6296844,8.785121918
ddedba85_nohash_18.wav,ddedba85,yes,yes,27,149.0521431,0
ddedba85_nohash_2.wav,ddedba85,yes,yes,27,144.1171169,0
ddedba85_nohash_3.wav,ddedba85,yes,yes,16,128.6585331,8.785121918
ddedba85_nohash_4.wav,ddedba85,yes,yes,17,129.8816204,9.186336517
ddedba85_nohash_5.wav,ddedba85,yes,yes,27,144.1085339,0
ddedba85_nohash_6.wav,ddedba85,yes,yes,21,135.4005337,4.205100536
ddedba85_nohash_7.wav,ddedba85,yes,yes,21,135.7698441,4.205100536
ddedba85_nohash_8.wav,ddedba85,yes,yes,27,143.7442303,0
ddedba85_nohash_9.wav,ddedba85,yes,yes,27,143.7735558,0
de89e2ca_nohash_1.wav,de89e2ca,down,down,19,130.8646202,4.105475903
de89e2ca_nohash_2.wav,de89e2ca,down,down,15,125.9031296,3.156252623
de89e2ca_nohash_3.wav,de89e2ca,down,down,18,129.7373772,4.340894222
de89e2ca_nohash_4.wav,de89e2ca,down,down,17,128.8278103,0
de89e2ca_nohash_5.wav,de89e2ca,down,down,17,128.4825802,4.520171642
de89e2ca_nohash_6.wav,de89e2ca,down,down,19,131.0048103,4.105475903
de89e2ca_nohash_1.wav,de89e2ca,go,go,17,128.2804012,4.894547939
de89e2ca_nohash_2.wav,de89e2ca,go,go,14,124.2916584,4.56029129
de89e2ca_nohash_3.wav,de89e2ca,go,go,14,124.0520477,4.388198853
de89e2ca_nohash_4.wav,de89e2ca,go,go,14,124.2609024,4.388198853
de89e2ca_nohash_5.wav,de89e2ca,go,go,16,127.0642281,3.889116764
de89e2ca_nohash_6.wav,de89e2ca,go,go,14,124.0952015,4.56029129
de89e2ca_nohash_1.wav,de89e2ca,left,left,12,121.8559742,5.197656155
de89e2ca_nohash_2.wav,de89e2ca,left,left,12,122.1878529,5.074921608
de89e2ca_nohash_3.wav,de89e2ca,left,left,12,121.3948727,3.833091974
de89e2ca_nohash_4.wav,de89e2ca,left,left,12,121.7114925,4.458861351
de89e2ca_nohash_5.wav,de89e2ca,left,left,12,121.7026711,0
de89e2ca_nohash_1.wav,de89e2ca,no,no,18,129.5764446,4.428349495
de89e2ca_nohash_2.wav,de89e2ca,no,no,19,130.7089329,3.382637262
de89e2ca_nohash_3.wav,de89e2ca,no,no,16,127.2029877,4.187470913
de89e2ca_nohash_4.wav,de89e2ca,no,no,20,131.937027,3.742121458
de89e2ca_nohash_1.wav,de89e2ca,right,right,15,126.0433197,4.065040588
de89e2ca_nohash_2.wav,de89e2ca,right,right,14,124.6399879,3.581379652
de89e2ca_nohash_3.wav,de89e2ca,right,right,15,125.8366108,2.815083742
de89e2ca_nohash_4.wav,de89e2ca,right,right,17,128.5674572,0
de89e2ca_nohash_5.wav,de89e2ca,right,right,14,124.104023,3.581379652
de89e2ca_nohash_6.wav,de89e2ca,right,right,16,127.4797916,2.973674297
de89e2ca_nohash_1.wav,de89e2ca,stop,stop,12,121.817112,3.902222395
de89e2ca_nohash_2.wav,de89e2ca,stop,stop,12,121.6385365,2.981906652
de89e2ca_nohash_3.wav,de89e2ca,stop,stop,12,121.9763756,3.056978941
de89e2ca_nohash_4.wav,de89e2ca,stop,no,16,127.0005703,13.05860329
de89e2ca_nohash_1.wav,de89e2ca,up,up,12,121.6213703,4.203382969
de89e2ca_nohash_2.wav,de89e2ca,up,up,12,121.1152077,3.702852964
de89e2ca_nohash_3.wav,de89e2ca,up,up,12,121.6981411,3.702852964
de89e2ca_nohash_4.wav,de89e2ca,up,up,12,121.5412617,3.069268942
de89e2ca_nohash_5.wav,de89e2ca,up,stop,12,121.7012405,4.02168417
de89e2ca_nohash_1.wav,de89e2ca,yes,yes,26,139.9257183,0
de89e2ca_nohash_2.wav,de89e2ca,yes,yes,23,136.0108852,4.731824398
de89e2ca_nohash_3.wav,de89e2ca,yes,yes,18,130.4922104,3.970446587
de89e2ca_nohash_4.wav,de89e2ca,yes,yes,19,130.8910847,3.868078947
de89e2ca_nohash_5.wav,de89e2ca,yes,yes,18,129.4109821,3.970446587
de89e2ca_nohash_6.wav,de89e2ca,yes,yes,19,130.916357,3.868078947
de89e2ca_nohash_7.wav,de89e2ca,yes,yes,24,137.7296448,3.342462778
e1469561_nohash_1.wav,e1469561,down,down,25,139.7764683,8.968049049
e1469561_nohash_2.wav,e1469561,down,down,22,135.6472969,7.48652792
e1469561_nohash_3.wav,e1469561,down,up,26,140.969038,9.792751312
e1469561_nohash_4.wav,e1469561,down,down,24,138.292551,8.524152756
e1469561_nohash_1.wav,e1469561,go,down,19,131.6523552,8.922363281
e1469561_nohash_2.wav,e1469561,go,up,25,139.4679546,12.2756691
e1469561_nohash_3.wav,e1469561,go,go,12,122.0245361,5.465032101
e1469561_nohash_4.wav,e1469561,go,up,24,137.9549503,10.84268475
e1469561_nohash_1.wav,e1469561,left,left,24,138.0002499,4.711375713
e1469561_nohash_2.wav,e1469561,left,left,25,139.5542622,5.553355217
e1469561_nohash_3.wav,e1469561,left,left,23,136.8768215,6.201890469
e1469561_nohash_4.wav,e1469561,left,up,47,168.970108,9.710136414
e1469561_nohash_1.wav,e1469561,no,down,17,128.6644936,6.917363644
e1469561_nohash_2.wav,e1469561,no,no,15,126.3303757,3.773010969
e1469561_nohash_3.wav,e1469561,no,no,15,126.6098022,3.180909634
e1469561_nohash_4.wav,e1469561,no,no,14,124.4518757,3.438764572
e1469561_nohash_1.wav,e1469561,right,left,32,149.0039825,9.273322105
e1469561_nohash_2.wav,e1469561,right,left,22,135.5748177,7.684914589
e1469561_nohash_3.wav,e1469561,right,right,25,139.4405365,9.448278427
e1469561_nohash_4.wav,e1469561,right,up,36,154.7648907,10.28109932
e1469561_nohash_1.wav,e1469561,stop,stop,12,121.9654083,4.472033978
e1469561_nohash_2.wav,e1469561,stop,stop,12,122.0724583,5.704546452
e1469561_nohash_3.wav,e1469561,stop,stop,12,121.8390465,6.102556705
e1469561_nohash_4.wav,e1469561,stop,up,18,130.6209564,10.84760666
e1469561_nohash_1.wav,e1469561,up,up,34,151.4532566,7.642131805
e1469561_nohash_2.wav,e1469561,up,down,12,121.7679977,6.85217905
e1469561_nohash_3.wav,e1469561,up,stop,12,122.140646,6.926316738
e1469561_nohash_4.wav,e1469561,up,stop,12,121.7982769,6.402547359
e1469561_nohash_1.wav,e1469561,yes,yes,25,139.9137974,10.66052341
e1469561_nohash_2.wav,e1469561,yes,yes,15,126.1353493,4.785536289
e1469561_nohash_3.wav,e1469561,yes,yes,24,137.9086971,9.395482063
e1469561_nohash_4.wav,e1469561,yes,yes,13,123.1520176,4.082780361
eb0676ec_nohash_1.wav,eb0676ec,down,right,20,137.4344826,7.658975601
eb0676ec_nohash_2.wav,eb0676ec,down,down,23,142.0915127,6.186007023
eb0676ec_nohash_3.wav,eb0676ec,down,down,21,139.0628815,6.441208839
eb0676ec_nohash_4.wav,eb0676ec,down,down,21,138.8633251,5.93954134
eb0676ec_nohash_1.wav,eb0676ec,go,no,23,142.0249939,8.134159088
eb0676ec_nohash_2.wav,eb0676ec,go,no,15,129.4598579,7.525977135
eb0676ec_nohash_3.wav,eb0676ec,go,go,20,137.1934414,7.221128941
eb0676ec_nohash_4.wav,eb0676ec,go,go,24,143.3186531,7.304357529
eb0676ec_nohash_1.wav,eb0676ec,left,left,12,125.0083447,6.561460018
eb0676ec_nohash_2.wav,eb0676ec,left,left,13,126.5516281,6.369681835
eb0676ec_nohash_3.wav,eb0676ec,left,left,12,124.8772144,7.210537434
eb0676ec_nohash_4.wav,eb0676ec,left,yes,12,124.4177818,6.179208755
eb0676ec_nohash_1.wav,eb0676ec,no,no,16,131.0164928,6.857036591
eb0676ec_nohash_2.wav,eb0676ec,no,no,19,136.040926,7.0835886
eb0676ec_nohash_3.wav,eb0676ec,no,down,21,138.8835907,7.76884222
eb0676ec_nohash_4.wav,eb0676ec,no,no,18,133.9931488,6.499697208
eb0676ec_nohash_1.wav,eb0676ec,right,right,22,140.6049728,6.808467388
eb0676ec_nohash_2.wav,eb0676ec,right,right,22,140.5756474,6.57982111
eb0676ec_nohash_3.wav,eb0676ec,right,right,23,141.7324543,6.277329922
eb0676ec_nohash_4.wav,eb0676ec,right,up,42,171.7095375,13.18902493
eb0676ec_nohash_1.wav,eb0676ec,stop,down,19,136.3487244,12.54901218
eb0676ec_nohash_2.wav,eb0676ec,stop,right,31,154.7629833,14.43461418
eb0676ec_nohash_3.wav,eb0676ec,stop,stop,21,138.9479637,12.92883301
eb0676ec_nohash_4.wav,eb0676ec,stop,down,26,146.8672752,10.18329525
eb0676ec_nohash_1.wav,eb0676ec,up,down,12,124.7940063,12.57322884
eb0676ec_nohash_2.wav,eb0676ec,up,right,12,124.735117,9.872455597
eb0676ec_nohash_3.wav,eb0676ec,up,down,12,125.0734329,10.22455883
eb0676ec_nohash_4.wav,eb0676ec,up,up,62,203.0956745,13.34998989
eb0676ec_nohash_1.wav,eb0676ec,yes,yes,14,127.6473999,5.662564754
eb0676ec_nohash_2.wav,eb0676ec,yes,yes,15,129.4617653,4.966303349
eb0676ec_nohash_3.wav,eb0676ec,yes,yes,16,130.6781769,6.292735577
eb0676ec_nohash_4.wav,eb0676ec,yes,left,26,146.9638348,11.69058132
ef3367d9_nohash_1.wav,ef3367d9,down,down,38,167.6769257,5.010811806
ef3367d9_nohash_2.wav,ef3367d9,down,down,36,164.6201611,5.014547825
ef3367d9_nohash_3.wav,ef3367d9,down,down,39,169.2197323,4.264426708
ef3367d9_nohash_4.wav,ef3367d9,down,down,36,164.5746231,5.014547825
ef3367d9_nohash_5.wav,ef3367d9,down,no,24,144.9289322,8.479720116
ef3367d9_nohash_6.wav,ef3367d9,down,no,24,144.8235512,8.479720116
ef3367d9_nohash_7.wav,ef3367d9,down,down,38,167.7954197,5.010811806
ef3367d9_nohash_8.wav,ef3367d9,down,down,39,169.2960262,4.264426708
ef3367d9_nohash_1.wav,ef3367d9,go,go,31,156.2342644,4.007742405
ef3367d9_nohash_2.wav,ef3367d9,go,no,26,148.6554146,5.600081444
ef3367d9_nohash_3.wav,ef3367d9,go,go,38,167.3157215,4.115724087
ef3367d9_nohash_4.wav,ef3367d9,go,go,31,156.288147,5.276489735
ef3367d9_nohash_1.wav,ef3367d9,left,left,20,138.6301517,4.213286877
ef3367d9_nohash_2.wav,ef3367d9,left,left,19,137.0761395,4.26750803
ef3367d9_nohash_3.wav,ef3367d9,left,left,21,139.9567127,3.923674107
ef3367d9_nohash_4.wav,ef3367d9,left,left,19,136.9440556,0
ef3367d9_nohash_5.wav,ef3367d9,left,left,21,139.5506859,6.714609623
ef3367d9_nohash_6.wav,ef3367d9,left,left,20,138.8368607,4.213286877
ef3367d9_nohash_1.wav,ef3367d9,no,no,40,170.9268093,3.525346041
ef3367d9_nohash_2.wav,ef3367d9,no,no,40,170.7582474,3.525346041
ef3367d9_nohash_3.wav,ef3367d9,no,no,37,166.0871506,4.43986702
ef3367d9_nohash_4.wav,ef3367d9,no,no,39,169.3582535,4.177264214
ef3367d9_nohash_5.wav,ef3367d9,no,no,37,165.923357,4.43986702
ef3367d9_nohash_6.wav,ef3367d9,no,no,31,156.1934948,0
ef3367d9_nohash_7.wav,ef3367d9,no,no,39,169.1358089,4.177264214
ef3367d9_nohash_1.wav,ef3367d9,right,right,22,141.9684887,6.243895054
ef3367d9_nohash_2.wav,ef3367d9,right,right,21,140.2418613,0
ef3367d9_nohash_3.wav,ef3367d9,right,right,25,146.5785503,7.230285168
ef3367d9_nohash_4.wav,ef3367d9,right,right,35,162.6491547,6.410302639
ef3367d9_nohash_5.wav,ef3367d9,right,right,25,146.5022564,7.230285168
ef3367d9_nohash_6.wav,ef3367d9,right,right,18,135.2906227,5.449904442
ef3367d9_nohash_7.wav,ef3367d9,right,right,18,135.0231171,5.449904442
ef3367d9_nohash_1.wav,ef3367d9,stop,stop,27,150.0470638,4.885674953
ef3367d9_nohash_2.wav,ef3367d9,stop,stop,29,153.1751156,4.301297188
ef3367d9_nohash_3.wav,ef3367d9,stop,stop,29,152.9195309,4.301297188
ef3367d9_nohash_4.wav,ef3367d9,stop,stop,29,153.1963348,3.925677061
ef3367d9_nohash_5.wav,ef3367d9,stop,stop,24,144.7780132,4.393958092
ef3367d9_nohash_6.wav,ef3367d9,stop,stop,24,145.0810432,4.393958092
ef3367d9_nohash_7.wav,ef3367d9,stop,stop,27,149.6608257,4.885674953
ef3367d9_nohash_1.wav,ef3367d9,up,up,12,125.7162094,5.408650875
ef3367d9_nohash_2.wav,ef3367d9,up,up,12,125.1356602,4.80583334
ef3367d9_nohash_3.wav,ef3367d9,up,up,13,126.9090176,3.613845587
ef3367d9_nohash_4.wav,ef3367d9,up,up,12,125.2074242,2.905517578
ef3367d9_nohash_1.wav,ef3367d9,yes,yes,32,158.0376625,5.709961414
ef3367d9_nohash_2.wav,ef3367d9,yes,yes,42,174.0317345,3.981481075
ef3367d9_nohash_3.wav,ef3367d9,yes,yes,42,174.4530201,3.981481075
ef3367d9_nohash_4.wav,ef3367d9,yes,yes,32,158.2524776,5.709961414
ef3367d9_nohash_5.wav,ef3367d9,yes,yes,41,172.3155975,4.516581059
f575faf3_nohash_1.wav,f575faf3,down,down,23,139.0030384,4.755996227
f575faf3_nohash_2.wav,f575faf3,down,down,25,141.7207718,4.201795101
f575faf3_nohash_3.wav,f575faf3,down,down,27,144.6475983,5.770393848
f575faf3_nohash_4.wav,f575faf3,down,down,28,145.7843781,5.062699795
f575faf3_nohash_1.wav,f575faf3,go,go,14,125.6318092,6.085452557
f575faf3_nohash_2.wav,f575faf3,go,go,14,125.9310246,4.826872826
f575faf3_nohash_3.wav,f575faf3,go,go,16,128.6041737,4.494635105
f575faf3_nohash_4.wav,f575faf3,go,go,12,122.7455139,3.319704771
f575faf3_nohash_1.wav,f575faf3,left,yes,25,141.8597698,10.36880398
f575faf3_nohash_2.wav,f575faf3,left,yes,29,147.547245,9.273031235
f575faf3_nohash_3.wav,f575faf3,left,yes,28,146.0826397,10.2401619
f575faf3_nohash_4.wav,f575faf3,left,yes,34,154.2510986,10.07377815
f575faf3_nohash_1.wav,f575faf3,no,no,29,147.0806599,7.118347168
f575faf3_nohash_2.wav,f575faf3,no,no,31,150.056839,6.834171295
f575faf3_nohash_3.wav,f575faf3,no,no,24,139.8358345,7.736504555
f575faf3_nohash_4.wav,f575faf3,no,no,23,138.5157108,4.771272659
f575faf3_nohash_1.wav,f575faf3,right,right,30,149.5044231,5.728868008
f575faf3_nohash_2.wav,f575faf3,right,right,16,129.7161579,10.43355846
f575faf3_nohash_3.wav,f575faf3,right,right,25,141.6640282,7.844707966
f575faf3_nohash_4.wav,f575faf3,right,right,32,151.863575,5.990116119
f575faf3_nohash_1.wav,f575faf3,stop,stop,26,142.9340839,5.35026598
f575faf3_nohash_2.wav,f575faf3,stop,stop,24,140.2971745,6.01224947
f575faf3_nohash_3.wav,f575faf3,stop,stop,26,143.4187889,7.118893147
f575faf3_nohash_4.wav,f575faf3,stop,stop,30,149.0321159,6.147090435
f575faf3_nohash_1.wav,f575faf3,up,up,19,132.9991817,9.147320747
f575faf3_nohash_2.wav,f575faf3,up,up,12,123.0144501,4.755774498
f575faf3_nohash_3.wav,f575faf3,up,up,12,122.7629185,4.692984104
f575faf3_nohash_4.wav,f575faf3,up,up,12,122.8425503,4.800505638
f575faf3_nohash_1.wav,f575faf3,yes,yes,33,153.1441212,4.434143543
f575faf3_nohash_2.wav,f575faf3,yes,yes,30,148.9028931,6.218400478
f575faf3_nohash_3.wav,f575faf3,yes,yes,33,153.3582211,7.164669514
f575faf3_nohash_4.wav,f575faf3,yes,yes,31,151.1790752,6.608114719
fa52ddf6_nohash_1.wav,fa52ddf6,down,go,14,129.2889118,8.682596207
fa52ddf6_nohash_2.wav,fa52ddf6,down,down,51,190.6998158,7.833247662
fa52ddf6_nohash_3.wav,fa52ddf6,down,go,16,132.1554184,7.658245087
fa52ddf6_nohash_4.wav,fa52ddf6,down,go,17,134.108305,10.15223217
fa52ddf6_nohash_1.wav,fa52ddf6,go,no,45,180.6855202,8.800981522
fa52ddf6_nohash_2.wav,fa52ddf6,go,go,17,134.0227127,6.833032608
fa52ddf6_nohash_3.wav,fa52ddf6,go,go,14,128.9827824,7.186496258
fa52ddf6_nohash_4.wav,fa52ddf6,go,go,19,137.3317242,7.583143234
fa52ddf6_nohash_1.wav,fa52ddf6,left,left,28,152.5704861,8.052759171
fa52ddf6_nohash_2.wav,fa52ddf6,left,left,29,153.9952755,8.48555851
fa52ddf6_nohash_3.wav,fa52ddf6,left,left,26,149.274826,6.939853191
fa52ddf6_nohash_4.wav,fa52ddf6,left,left,31,157.6342583,7.314815044
fa52ddf6_nohash_1.wav,fa52ddf6,no,down,49,187.6718998,8.278416634
fa52ddf6_nohash_2.wav,fa52ddf6,no,go,13,127.8874874,9.578783989
fa52ddf6_nohash_3.wav,fa52ddf6,no,no,57,200.8628845,7.739447117
fa52ddf6_nohash_4.wav,fa52ddf6,no,go,24,145.8795071,7.310094833
fa52ddf6_nohash_1.wav,fa52ddf6,right,right,23,144.4089413,5.836843014
fa52ddf6_nohash_2.wav,fa52ddf6,right,right,24,146.0022926,5.994812012
fa52ddf6_nohash_3.wav,fa52ddf6,right,right,32,159.1699123,6.041388988
fa52ddf6_nohash_4.wav,fa52ddf6,right,right,25,147.3782063,5.214586735
fa52ddf6_nohash_1.wav,fa52ddf6,stop,stop,29,154.4561386,10.44337273
fa52ddf6_nohash_2.wav,fa52ddf6,stop,stop,35,164.2167568,9.486355782
fa52ddf6_nohash_3.wav,fa52ddf6,stop,stop,31,157.6693058,7.800402164
fa52ddf6_nohash_4.wav,fa52ddf6,stop,stop,28,152.7400017,8.460384369
fa52ddf6_nohash_1.wav,fa52ddf6,up,left,17,134.3135834,8.974879265
fa52ddf6_nohash_2.wav,fa52ddf6,up,left,18,135.881424,8.503277779
fa52ddf6_nohash_3.wav,fa52ddf6,up,left,21,140.8395767,8.302233696
fa52ddf6_nohash_4.wav,fa52ddf6,up,left,23,144.313097,9.402223587
fa52ddf6_nohash_1.wav,fa52ddf6,yes,yes,23,144.3850994,7.473860264
fa52ddf6_nohash_2.wav,fa52ddf6,yes,yes,25,147.6016045,7.314222813
fa52ddf6_nohash_3.wav,fa52ddf6,yes,yes,25,147.1960545,6.842576981
fa52ddf6_nohash_4.wav,fa52ddf6,yes,yes,24,145.8070278,9.184699059
