acc,loss,val_acc,val_loss,batches_per_epoch,epoch_time_sec
0.239130437374115,2.388672351837158,0.0476190485060215,7.568146705627441,2,4.560086727142334
0.739130437374115,0.7747841477394104,0.0476190485060215,9.174616813659668,2,2.5558454990386963
0.9130434989929199,0.444120317697525,0.0476190485060215,8.685894966125488,2,1.730198621749878
1.0,0.26010069251060486,0.190476194024086,7.605420112609863,2,2.535719871520996
1.0,0.19231460988521576,0.190476194024086,6.7545247077941895,2,2.55364727973938
0.97826087474823,0.1761058270931244,0.190476194024086,6.307847499847412,2,2.550792932510376
1.0,0.07788853347301483,0.190476194024086,6.003841400146484,2,1.7204077243804932
1.0,0.07657723128795624,0.190476194024086,5.710275650024414,2,1.7273976802825928
