acc,loss,val_acc,val_loss,batches_per_epoch,epoch_time_sec
0.5689324140548706,1.2262307405471802,0.7171093225479126,0.9140403866767883,473,583.9204590320587
0.8101131916046143,0.5858948826789856,0.588480532169342,1.233166217803955,473,595.8032917976379
0.8835793137550354,0.36397770047187805,0.8730698227882385,0.37399962544441223,473,597.5446956157684
0.9136938452720642,0.272470086812973,0.9024088978767395,0.30655232071876526,473,598.6323175430298
0.9291812777519226,0.2247762829065323,0.8404879570007324,0.5313352942466736,473,621.3278846740723
0.9336819052696228,0.19897882640361786,0.8336936235427856,0.4937423765659332,473,621.9561231136322
0.9437421560287476,0.17111793160438538,0.8448116183280945,0.49967190623283386,473,599.0581815242767
0.955324649810791,0.13868555426597595,0.9005559086799622,0.30623069405555725,473,599.11971616745
